file_path,canonical_service_name,coarse_class,original_path
fine/amazon api gateway/Arch_Amazon-API-Gateway_16.png,amazon api gateway,Application Integration,Architecture-Service-Icons_02072025/Arch_Networking-Content-Delivery/16/Arch_Amazon-API-Gateway_16.svg
fine/amazon api gateway/Arch_Amazon-API-Gateway_32.png,amazon api gateway,Application Integration,Architecture-Service-Icons_02072025/Arch_Networking-Content-Delivery/32/Arch_Amazon-API-Gateway_32.svg
fine/amazon api gateway/Arch_Amazon-API-Gateway_48.png,amazon api gateway,Application Integration,Architecture-Service-Icons_02072025/Arch_Networking-Content-Delivery/48/Arch_Amazon-API-Gateway_48.svg
fine/amazon api gateway/Arch_Amazon-API-Gateway_64.png,amazon api gateway,Application Integration,Architecture-Service-Icons_02072025/Arch_Networking-Content-Delivery/64/Arch_Amazon-API-Gateway_64.svg
fine/amazon api gateway/Res_Amazon-API-Gateway_Endpoint_48.png,amazon api gateway,Application Integration,Resource-Icons_02072025/Res_Networking-Content-Delivery/Res_Amazon-API-Gateway_Endpoint_48.svg
fine/amazon athena/Arch_Amazon-Athena_16.png,amazon athena,Analytics,Architecture-Service-Icons_02072025/Arch_Analytics/16/Arch_Amazon-Athena_16.svg
fine/amazon athena/Arch_Amazon-Athena_32.png,amazon athena,Analytics,Architecture-Service-Icons_02072025/Arch_Analytics/32/Arch_Amazon-Athena_32.svg
fine/amazon athena/Arch_Amazon-Athena_48.png,amazon athena,Analytics,Architecture-Service-Icons_02072025/Arch_Analytics/48/Arch_Amazon-Athena_48.svg
fine/amazon athena/Arch_Amazon-Athena_64.png,amazon athena,Analytics,Architecture-Service-Icons_02072025/Arch_Analytics/64/Arch_Amazon-Athena_64.svg
fine/amazon athena/Res_Amazon-Athena_Data-Source-Connectors_48.png,amazon athena,Analytics,Resource-Icons_02072025/Res_Analytics/Res_Amazon-Athena_Data-Source-Connectors_48.svg
fine/amazon aurora/Arch_Amazon-Aurora_16.png,amazon aurora,Database,Architecture-Service-Icons_02072025/Arch_Database/16/Arch_Amazon-Aurora_16.svg
fine/amazon aurora/Arch_Amazon-Aurora_32.png,amazon aurora,Database,Architecture-Service-Icons_02072025/Arch_Database/32/Arch_Amazon-Aurora_32.svg
fine/amazon aurora/Arch_Amazon-Aurora_48.png,amazon aurora,Database,Architecture-Service-Icons_02072025/Arch_Database/48/Arch_Amazon-Aurora_48.svg
fine/amazon aurora/Arch_Amazon-Aurora_64.png,amazon aurora,Database,Architecture-Service-Icons_02072025/Arch_Database/64/Arch_Amazon-Aurora_64.svg
fine/amazon aurora/Res_Amazon-Aurora-Instance_48.png,amazon aurora,Database,Resource-Icons_02072025/Res_Database/Res_Amazon-Aurora-Instance_48.svg
fine/amazon aurora/Res_Amazon-Aurora-MariaDB-Instance-Alternate_48.png,amazon aurora,Database,Resource-Icons_02072025/Res_Database/Res_Amazon-Aurora-MariaDB-Instance-Alternate_48.svg
fine/amazon aurora/Res_Amazon-Aurora-Oracle-Instance_48.png,amazon aurora,Database,Resource-Icons_02072025/Res_Database/Res_Amazon-Aurora-Oracle-Instance_48.svg
fine/amazon aurora/Res_Amazon-Aurora-PIOPS-Instance_48.png,amazon aurora,Database,Resource-Icons_02072025/Res_Database/Res_Amazon-Aurora-PIOPS-Instance_48.svg
fine/amazon aurora/Res_Amazon-Aurora-PostgreSQL-Instance-Alternate_48.png,amazon aurora,Database,Resource-Icons_02072025/Res_Database/Res_Amazon-Aurora-PostgreSQL-Instance-Alternate_48.svg
fine/amazon aurora/Res_Amazon-Aurora-PostgreSQL-Instance_48.png,amazon aurora,Database,Resource-Icons_02072025/Res_Database/Res_Amazon-Aurora-PostgreSQL-Instance_48.svg
fine/amazon aurora/Res_Amazon-Aurora-SQL-Server-Instance-Alternate_48.png,amazon aurora,Database,Resource-Icons_02072025/Res_Database/Res_Amazon-Aurora-SQL-Server-Instance-Alternate_48.svg
fine/amazon aurora/Res_Amazon-Aurora-SQL-Server-Instance_48.png,amazon aurora,Database,Resource-Icons_02072025/Res_Database/Res_Amazon-Aurora-SQL-Server-Instance_48.svg
fine/amazon aurora/Res_Amazon-Aurora_Amazon-Aurora-Instance-alternate_48.png,amazon aurora,Database,Resource-Icons_02072025/Res_Database/Res_Amazon-Aurora_Amazon-Aurora-Instance-alternate_48.svg
fine/amazon aurora/Res_Amazon-Aurora_Trusted-Language-Extensions-for-PostgreSQL_48.png,amazon aurora,Database,Resource-Icons_02072025/Res_Database/Res_Amazon-Aurora_Trusted-Language-Extensions-for-PostgreSQL_48.svg
fine/amazon braket/Arch_Amazon-Braket_16.png,amazon braket,Quantum,Architecture-Service-Icons_02072025/Arch_Quantum-Technologies/16/Arch_Amazon-Braket_16.svg
fine/amazon braket/Arch_Amazon-Braket_48.png,amazon braket,Quantum,Architecture-Service-Icons_02072025/Arch_Quantum-Technologies/48/Arch_Amazon-Braket_48.svg
fine/amazon braket/Res_Amazon-Braket_Chandelier_48.png,amazon braket,Quantum,Resource-Icons_02072025/Res_Quantum-Technologies/Res_Amazon-Braket_Chandelier_48.svg
fine/amazon braket/Res_Amazon-Braket_Chip_48.png,amazon braket,Quantum,Resource-Icons_02072025/Res_Quantum-Technologies/Res_Amazon-Braket_Chip_48.svg
fine/amazon braket/Res_Amazon-Braket_Embedded-Simulator_48.png,amazon braket,Quantum,Resource-Icons_02072025/Res_Quantum-Technologies/Res_Amazon-Braket_Embedded-Simulator_48.svg
fine/amazon braket/Res_Amazon-Braket_Managed-Simulator_48.png,amazon braket,Quantum,Resource-Icons_02072025/Res_Quantum-Technologies/Res_Amazon-Braket_Managed-Simulator_48.svg
fine/amazon braket/Res_Amazon-Braket_QPU_48.png,amazon braket,Quantum,Resource-Icons_02072025/Res_Quantum-Technologies/Res_Amazon-Braket_QPU_48.svg
fine/amazon braket/Res_Amazon-Braket_Simulator-1_48.png,amazon braket,Quantum,Resource-Icons_02072025/Res_Quantum-Technologies/Res_Amazon-Braket_Simulator-1_48.svg
fine/amazon braket/Res_Amazon-Braket_Simulator-3_48.png,amazon braket,Quantum,Resource-Icons_02072025/Res_Quantum-Technologies/Res_Amazon-Braket_Simulator-3_48.svg
fine/amazon braket/Res_Amazon-Braket_Simulator_48.png,amazon braket,Quantum,Resource-Icons_02072025/Res_Quantum-Technologies/Res_Amazon-Braket_Simulator_48.svg
fine/amazon braket/Res_Amazon-Braket_State-Vector_48.png,amazon braket,Quantum,Resource-Icons_02072025/Res_Quantum-Technologies/Res_Amazon-Braket_State-Vector_48.svg
fine/amazon braket/Res_Amazon-Braket_Tensor-Network_48.png,amazon braket,Quantum,Resource-Icons_02072025/Res_Quantum-Technologies/Res_Amazon-Braket_Tensor-Network_48.svg
fine/amazon chime/Arch_Amazon-Chime-SDK_16.png,amazon chime,Business Applications,Architecture-Service-Icons_02072025/Arch_Business-Applications/16/Arch_Amazon-Chime-SDK_16.svg
fine/amazon chime/Arch_Amazon-Chime-SDK_32.png,amazon chime,Business Applications,Architecture-Service-Icons_02072025/Arch_Business-Applications/32/Arch_Amazon-Chime-SDK_32.svg
fine/amazon chime/Arch_Amazon-Chime-SDK_48.png,amazon chime,Business Applications,Architecture-Service-Icons_02072025/Arch_Business-Applications/48/Arch_Amazon-Chime-SDK_48.svg
fine/amazon chime/Arch_Amazon-Chime-SDK_64.png,amazon chime,Business Applications,Architecture-Service-Icons_02072025/Arch_Business-Applications/64/Arch_Amazon-Chime-SDK_64.svg
fine/amazon chime/Arch_Amazon-Chime_16.png,amazon chime,Business Applications,Architecture-Service-Icons_02072025/Arch_Business-Applications/16/Arch_Amazon-Chime_16.svg
fine/amazon chime/Arch_Amazon-Chime_32.png,amazon chime,Business Applications,Architecture-Service-Icons_02072025/Arch_Business-Applications/32/Arch_Amazon-Chime_32.svg
fine/amazon cloudwatch/Arch_Amazon-CloudWatch_16.png,amazon cloudwatch,Monitoring & Logging,Architecture-Service-Icons_02072025/Arch_Management-Governance/16/Arch_Amazon-CloudWatch_16.svg
fine/amazon cloudwatch/Arch_Amazon-CloudWatch_32.png,amazon cloudwatch,Monitoring & Logging,Architecture-Service-Icons_02072025/Arch_Management-Governance/32/Arch_Amazon-CloudWatch_32.svg
fine/amazon cloudwatch/Arch_Amazon-CloudWatch_48.png,amazon cloudwatch,Monitoring & Logging,Architecture-Service-Icons_02072025/Arch_Management-Governance/48/Arch_Amazon-CloudWatch_48.svg
fine/amazon cloudwatch/Arch_Amazon-CloudWatch_64.png,amazon cloudwatch,Monitoring & Logging,Architecture-Service-Icons_02072025/Arch_Management-Governance/64/Arch_Amazon-CloudWatch_64.svg
fine/amazon cloudwatch/Res_Amazon-CloudWatch_Alarm_48.png,amazon cloudwatch,Monitoring & Logging,Resource-Icons_02072025/Res_Management-Governance/Res_Amazon-CloudWatch_Alarm_48.svg
fine/amazon cloudwatch/Res_Amazon-CloudWatch_Cross-account-Observability_48.png,amazon cloudwatch,Monitoring & Logging,Resource-Icons_02072025/Res_Management-Governance/Res_Amazon-CloudWatch_Cross-account-Observability_48.svg
fine/amazon cloudwatch/Res_Amazon-CloudWatch_Evidently_48.png,amazon cloudwatch,Monitoring & Logging,Resource-Icons_02072025/Res_Management-Governance/Res_Amazon-CloudWatch_Evidently_48.svg
fine/amazon cloudwatch/Res_Amazon-CloudWatch_Logs_48.png,amazon cloudwatch,Monitoring & Logging,Resource-Icons_02072025/Res_Management-Governance/Res_Amazon-CloudWatch_Logs_48.svg
fine/amazon cloudwatch/Res_Amazon-CloudWatch_Synthetics_48.png,amazon cloudwatch,Monitoring & Logging,Resource-Icons_02072025/Res_Management-Governance/Res_Amazon-CloudWatch_Synthetics_48.svg
fine/amazon comprehend/Arch_Amazon-Comprehend-Medical_48.png,amazon comprehend,AI & Machine Learning,Architecture-Service-Icons_02072025/Arch_Artificial-Intelligence/48/Arch_Amazon-Comprehend-Medical_48.svg
fine/amazon comprehend/Arch_Amazon-Comprehend-Medical_64.png,amazon comprehend,AI & Machine Learning,Architecture-Service-Icons_02072025/Arch_Artificial-Intelligence/64/Arch_Amazon-Comprehend-Medical_64.svg
fine/amazon comprehend/Arch_Amazon-Comprehend_32.png,amazon comprehend,AI & Machine Learning,Architecture-Service-Icons_02072025/Arch_Artificial-Intelligence/32/Arch_Amazon-Comprehend_32.svg
fine/amazon comprehend/Arch_Amazon-Comprehend_64.png,amazon comprehend,AI & Machine Learning,Architecture-Service-Icons_02072025/Arch_Artificial-Intelligence/64/Arch_Amazon-Comprehend_64.svg
fine/amazon connect/Arch_AWS-Elemental-MediaConnect_16.png,amazon connect,Business Applications,Architecture-Service-Icons_02072025/Arch_Media-Services/16/Arch_AWS-Elemental-MediaConnect_16.svg
fine/amazon connect/Arch_AWS-Elemental-MediaConnect_32.png,amazon connect,Business Applications,Architecture-Service-Icons_02072025/Arch_Media-Services/32/Arch_AWS-Elemental-MediaConnect_32.svg
fine/amazon connect/Arch_AWS-Elemental-MediaConnect_64.png,amazon connect,Business Applications,Architecture-Service-Icons_02072025/Arch_Media-Services/64/Arch_AWS-Elemental-MediaConnect_64.svg
fine/amazon connect/Arch_AWS-Service-Management-Connector_16.png,amazon connect,Business Applications,Architecture-Service-Icons_02072025/Arch_Management-Governance/16/Arch_AWS-Service-Management-Connector_16.svg
fine/amazon connect/Arch_AWS-Service-Management-Connector_48.png,amazon connect,Business Applications,Architecture-Service-Icons_02072025/Arch_Management-Governance/48/Arch_AWS-Service-Management-Connector_48.svg
fine/amazon connect/Arch_AWS-Service-Management-Connector_64.png,amazon connect,Business Applications,Architecture-Service-Icons_02072025/Arch_Management-Governance/64/Arch_AWS-Service-Management-Connector_64.svg
fine/amazon connect/Arch_Amazon-Connect_16.png,amazon connect,Business Applications,Architecture-Service-Icons_02072025/Arch_Business-Applications/16/Arch_Amazon-Connect_16.svg
fine/amazon connect/Arch_Amazon-Connect_32.png,amazon connect,Business Applications,Architecture-Service-Icons_02072025/Arch_Business-Applications/32/Arch_Amazon-Connect_32.svg
fine/amazon connect/Arch_Amazon-Connect_48.png,amazon connect,Business Applications,Architecture-Service-Icons_02072025/Arch_Business-Applications/48/Arch_Amazon-Connect_48.svg
fine/amazon connect/Res_AWS-Elemental-MediaConnect_MediaConnect-Gateway_48.png,amazon connect,Business Applications,Resource-Icons_02072025/Res_Media-Services/Res_AWS-Elemental-MediaConnect_MediaConnect-Gateway_48.svg
fine/amazon connect/Res_AWS-IoT-Greengrass_Connector_48.png,amazon connect,Business Applications,Resource-Icons_02072025/Res_IoT/Res_AWS-IoT-Greengrass_Connector_48.svg
fine/amazon documentdb/Arch_Amazon-DocumentDB_16.png,amazon documentdb,Database,Architecture-Service-Icons_02072025/Arch_Database/16/Arch_Amazon-DocumentDB_16.svg
fine/amazon documentdb/Arch_Amazon-DocumentDB_48.png,amazon documentdb,Database,Architecture-Service-Icons_02072025/Arch_Database/48/Arch_Amazon-DocumentDB_48.svg
fine/amazon documentdb/Res_Amazon-DocumentDB_Elastic-Clusters_48.png,amazon documentdb,Database,Resource-Icons_02072025/Res_Database/Res_Amazon-DocumentDB_Elastic-Clusters_48.svg
fine/amazon dynamodb/Arch_Amazon-DynamoDB_32.png,amazon dynamodb,Database,Architecture-Service-Icons_02072025/Arch_Database/32/Arch_Amazon-DynamoDB_32.svg
fine/amazon dynamodb/Arch_Amazon-DynamoDB_64.png,amazon dynamodb,Database,Architecture-Service-Icons_02072025/Arch_Database/64/Arch_Amazon-DynamoDB_64.svg
fine/amazon dynamodb/Res_Amazon-DynamoDB_Amazon-DynamoDB-Accelerator_48.png,amazon dynamodb,Database,Resource-Icons_02072025/Res_Database/Res_Amazon-DynamoDB_Amazon-DynamoDB-Accelerator_48.svg
fine/amazon dynamodb/Res_Amazon-DynamoDB_Attribute_48.png,amazon dynamodb,Database,Resource-Icons_02072025/Res_Database/Res_Amazon-DynamoDB_Attribute_48.svg
fine/amazon dynamodb/Res_Amazon-DynamoDB_Attributes_48.png,amazon dynamodb,Database,Resource-Icons_02072025/Res_Database/Res_Amazon-DynamoDB_Attributes_48.svg
fine/amazon dynamodb/Res_Amazon-DynamoDB_Item_48.png,amazon dynamodb,Database,Resource-Icons_02072025/Res_Database/Res_Amazon-DynamoDB_Item_48.svg
fine/amazon dynamodb/Res_Amazon-DynamoDB_Items_48.png,amazon dynamodb,Database,Resource-Icons_02072025/Res_Database/Res_Amazon-DynamoDB_Items_48.svg
fine/amazon dynamodb/Res_Amazon-DynamoDB_Standard-Infrequent-Access-Table-Class_48.png,amazon dynamodb,Database,Resource-Icons_02072025/Res_Database/Res_Amazon-DynamoDB_Standard-Infrequent-Access-Table-Class_48.svg
fine/amazon dynamodb/Res_Amazon-DynamoDB_Table_48.png,amazon dynamodb,Database,Resource-Icons_02072025/Res_Database/Res_Amazon-DynamoDB_Table_48.svg
fine/amazon ec2/Arch_Amazon-EC2-Auto-Scaling_16.png,amazon ec2,Compute,Architecture-Service-Icons_02072025/Arch_Compute/16/Arch_Amazon-EC2-Auto-Scaling_16.svg
fine/amazon ec2/Arch_Amazon-EC2-Auto-Scaling_64.png,amazon ec2,Compute,Architecture-Service-Icons_02072025/Arch_Compute/64/Arch_Amazon-EC2-Auto-Scaling_64.svg
fine/amazon ec2/Arch_Amazon-EC2-Image-Builder_16.png,amazon ec2,Compute,Architecture-Service-Icons_02072025/Arch_Compute/16/Arch_Amazon-EC2-Image-Builder_16.svg
fine/amazon ec2/Arch_Amazon-EC2-Image-Builder_32.png,amazon ec2,Compute,Architecture-Service-Icons_02072025/Arch_Compute/32/Arch_Amazon-EC2-Image-Builder_32.svg
fine/amazon ec2/Arch_Amazon-EC2-Image-Builder_48.png,amazon ec2,Compute,Architecture-Service-Icons_02072025/Arch_Compute/48/Arch_Amazon-EC2-Image-Builder_48.svg
fine/amazon ec2/Arch_Amazon-EC2-Image-Builder_64.png,amazon ec2,Compute,Architecture-Service-Icons_02072025/Arch_Compute/64/Arch_Amazon-EC2-Image-Builder_64.svg
fine/amazon ec2/Arch_Amazon-EC2_16.png,amazon ec2,Compute,Architecture-Service-Icons_02072025/Arch_Compute/16/Arch_Amazon-EC2_16.svg
fine/amazon ec2/Arch_Amazon-EC2_32.png,amazon ec2,Compute,Architecture-Service-Icons_02072025/Arch_Compute/32/Arch_Amazon-EC2_32.svg
fine/amazon ec2/EC2-instance-contents_32.png,amazon ec2,Compute,Architecture-Group-Icons_02072025/EC2-instance-contents_32.svg
fine/amazon ec2/Res_Amazon-EC2_AMI_48.png,amazon ec2,Compute,Resource-Icons_02072025/Res_Compute/Res_Amazon-EC2_AMI_48.svg
fine/amazon ec2/Res_Amazon-EC2_DB-Instance_48.png,amazon ec2,Compute,Resource-Icons_02072025/Res_Compute/Res_Amazon-EC2_DB-Instance_48.svg
fine/amazon ec2/Res_Amazon-EC2_Elastic-IP-Address_48.png,amazon ec2,Compute,Resource-Icons_02072025/Res_Compute/Res_Amazon-EC2_Elastic-IP-Address_48.svg
fine/amazon ec2/Res_Amazon-EC2_Instance-with-CloudWatch_48.png,amazon ec2,Compute,Resource-Icons_02072025/Res_Compute/Res_Amazon-EC2_Instance-with-CloudWatch_48.svg
fine/amazon ec2/Res_Amazon-EC2_Instances_48.png,amazon ec2,Compute,Resource-Icons_02072025/Res_Compute/Res_Amazon-EC2_Instances_48.svg
fine/amazon ec2/Res_Amazon-EC2_Rescue_48.png,amazon ec2,Compute,Resource-Icons_02072025/Res_Compute/Res_Amazon-EC2_Rescue_48.svg
fine/amazon ecs/Arch_Amazon-ECS-Anywhere_32.png,amazon ecs,Containers & Orchestration,Architecture-Service-Icons_02072025/Arch_Containers/32/Arch_Amazon-ECS-Anywhere_32.svg
fine/amazon ecs/Arch_Amazon-ECS-Anywhere_48.png,amazon ecs,Containers & Orchestration,Architecture-Service-Icons_02072025/Arch_Containers/48/Arch_Amazon-ECS-Anywhere_48.svg
fine/amazon ecs/Arch_Amazon-ECS-Anywhere_64.png,amazon ecs,Containers & Orchestration,Architecture-Service-Icons_02072025/Arch_Containers/64/Arch_Amazon-ECS-Anywhere_64.svg
fine/amazon efs/Arch_Amazon-EFS_16.png,amazon efs,Storage,Architecture-Service-Icons_02072025/Arch_Storage/16/Arch_Amazon-EFS_16.svg
fine/amazon efs/Arch_Amazon-EFS_32.png,amazon efs,Storage,Architecture-Service-Icons_02072025/Arch_Storage/32/Arch_Amazon-EFS_32.svg
fine/amazon efs/Arch_Amazon-EFS_48.png,amazon efs,Storage,Architecture-Service-Icons_02072025/Arch_Storage/48/Arch_Amazon-EFS_48.svg
fine/amazon efs/Arch_Amazon-EFS_64.png,amazon efs,Storage,Architecture-Service-Icons_02072025/Arch_Storage/64/Arch_Amazon-EFS_64.svg
fine/amazon efs/Res_Amazon-Elastic-File-System_EFS-Intelligent-Tiering_48.png,amazon efs,Storage,Resource-Icons_02072025/Res_Storage/Res_Amazon-Elastic-File-System_EFS-Intelligent-Tiering_48.svg
fine/amazon efs/Res_Amazon-Elastic-File-System_EFS-One-Zone_48.png,amazon efs,Storage,Resource-Icons_02072025/Res_Storage/Res_Amazon-Elastic-File-System_EFS-One-Zone_48.svg
fine/amazon efs/Res_Amazon-Elastic-File-System_EFS-Standard-Infrequent-Access_48.png,amazon efs,Storage,Resource-Icons_02072025/Res_Storage/Res_Amazon-Elastic-File-System_EFS-Standard-Infrequent-Access_48.svg
fine/amazon eks/Arch_Amazon-EKS-Anywhere_16.png,amazon eks,Containers & Orchestration,Architecture-Service-Icons_02072025/Arch_Containers/16/Arch_Amazon-EKS-Anywhere_16.svg
fine/amazon eks/Arch_Amazon-EKS-Anywhere_64.png,amazon eks,Containers & Orchestration,Architecture-Service-Icons_02072025/Arch_Containers/64/Arch_Amazon-EKS-Anywhere_64.svg
fine/amazon eks/Arch_Amazon-EKS-Cloud_16.png,amazon eks,Containers & Orchestration,Architecture-Service-Icons_02072025/Arch_Containers/16/Arch_Amazon-EKS-Cloud_16.svg
fine/amazon eks/Arch_Amazon-EKS-Cloud_32.png,amazon eks,Containers & Orchestration,Architecture-Service-Icons_02072025/Arch_Containers/32/Arch_Amazon-EKS-Cloud_32.svg
fine/amazon eks/Arch_Amazon-EKS-Cloud_48.png,amazon eks,Containers & Orchestration,Architecture-Service-Icons_02072025/Arch_Containers/48/Arch_Amazon-EKS-Cloud_48.svg
fine/amazon eks/Arch_Amazon-EKS-Distro_16.png,amazon eks,Containers & Orchestration,Architecture-Service-Icons_02072025/Arch_Containers/16/Arch_Amazon-EKS-Distro_16.svg
fine/amazon eks/Arch_Amazon-EKS-Distro_32.png,amazon eks,Containers & Orchestration,Architecture-Service-Icons_02072025/Arch_Containers/32/Arch_Amazon-EKS-Distro_32.svg
fine/amazon eks/Arch_Amazon-EKS-Distro_48.png,amazon eks,Containers & Orchestration,Architecture-Service-Icons_02072025/Arch_Containers/48/Arch_Amazon-EKS-Distro_48.svg
fine/amazon eks/Arch_Amazon-EKS-Distro_64.png,amazon eks,Containers & Orchestration,Architecture-Service-Icons_02072025/Arch_Containers/64/Arch_Amazon-EKS-Distro_64.svg
fine/amazon eks/Res_Amazon-Elastic-Kubernetes-Service_EKS-on-Outposts_48.png,amazon eks,Containers & Orchestration,Resource-Icons_02072025/Res_Containers/Res_Amazon-Elastic-Kubernetes-Service_EKS-on-Outposts_48.svg
fine/amazon elasticache/Arch_Amazon-ElastiCache_16.png,amazon elasticache,Database,Architecture-Service-Icons_02072025/Arch_Database/16/Arch_Amazon-ElastiCache_16.svg
fine/amazon elasticache/Arch_Amazon-ElastiCache_32.png,amazon elasticache,Database,Architecture-Service-Icons_02072025/Arch_Database/32/Arch_Amazon-ElastiCache_32.svg
fine/amazon elasticache/Arch_Amazon-ElastiCache_48.png,amazon elasticache,Database,Architecture-Service-Icons_02072025/Arch_Database/48/Arch_Amazon-ElastiCache_48.svg
fine/amazon elasticache/Res_Amazon-ElastiCache_Cache-Node_48.png,amazon elasticache,Database,Resource-Icons_02072025/Res_Database/Res_Amazon-ElastiCache_Cache-Node_48.svg
fine/amazon elasticache/Res_Amazon-ElastiCache_ElastiCache-for-Memcached_48.png,amazon elasticache,Database,Resource-Icons_02072025/Res_Database/Res_Amazon-ElastiCache_ElastiCache-for-Memcached_48.svg
fine/amazon elasticache/Res_Amazon-ElastiCache_ElastiCache-for-Valkey_48.png,amazon elasticache,Database,Resource-Icons_02072025/Res_Database/Res_Amazon-ElastiCache_ElastiCache-for-Valkey_48.svg
fine/amazon emr/Arch_Amazon-EMR_32.png,amazon emr,Analytics,Architecture-Service-Icons_02072025/Arch_Analytics/32/Arch_Amazon-EMR_32.svg
fine/amazon emr/Arch_Amazon-EMR_48.png,amazon emr,Analytics,Architecture-Service-Icons_02072025/Arch_Analytics/48/Arch_Amazon-EMR_48.svg
fine/amazon emr/Arch_Amazon-EMR_64.png,amazon emr,Analytics,Architecture-Service-Icons_02072025/Arch_Analytics/64/Arch_Amazon-EMR_64.svg
fine/amazon emr/Res_Amazon-EMR_EMR-Engine_48.png,amazon emr,Analytics,Resource-Icons_02072025/Res_Analytics/Res_Amazon-EMR_EMR-Engine_48.svg
fine/amazon emr/Res_Amazon-EMR_HDFS-Cluster_48.png,amazon emr,Analytics,Resource-Icons_02072025/Res_Analytics/Res_Amazon-EMR_HDFS-Cluster_48.svg
fine/amazon eventbridge/Arch_Amazon-EventBridge_32.png,amazon eventbridge,Serverless & Event-driven,Architecture-Service-Icons_02072025/Arch_App-Integration/32/Arch_Amazon-EventBridge_32.svg
fine/amazon eventbridge/Arch_Amazon-EventBridge_64.png,amazon eventbridge,Serverless & Event-driven,Architecture-Service-Icons_02072025/Arch_App-Integration/64/Arch_Amazon-EventBridge_64.svg
fine/amazon eventbridge/Res_Amazon-EventBridge-Event_48.png,amazon eventbridge,Serverless & Event-driven,Resource-Icons_02072025/Res_Application-Integration/Res_Amazon-EventBridge-Event_48.svg
fine/amazon eventbridge/Res_Amazon-EventBridge_Custom-Event-Bus_48.png,amazon eventbridge,Serverless & Event-driven,Resource-Icons_02072025/Res_Application-Integration/Res_Amazon-EventBridge_Custom-Event-Bus_48.svg
fine/amazon eventbridge/Res_Amazon-EventBridge_Rule_48.png,amazon eventbridge,Serverless & Event-driven,Resource-Icons_02072025/Res_Application-Integration/Res_Amazon-EventBridge_Rule_48.svg
fine/amazon eventbridge/Res_Amazon-EventBridge_Saas-Partner-Event_48.png,amazon eventbridge,Serverless & Event-driven,Resource-Icons_02072025/Res_Application-Integration/Res_Amazon-EventBridge_Saas-Partner-Event_48.svg
fine/amazon eventbridge/Res_Amazon-EventBridge_Scheduler_48.png,amazon eventbridge,Serverless & Event-driven,Resource-Icons_02072025/Res_Application-Integration/Res_Amazon-EventBridge_Scheduler_48.svg
fine/amazon eventbridge/Res_Amazon-EventBridge_Schema-Registry_48.png,amazon eventbridge,Serverless & Event-driven,Resource-Icons_02072025/Res_Application-Integration/Res_Amazon-EventBridge_Schema-Registry_48.svg
fine/amazon eventbridge/Res_Amazon-EventBridge_Schema_48.png,amazon eventbridge,Serverless & Event-driven,Resource-Icons_02072025/Res_Application-Integration/Res_Amazon-EventBridge_Schema_48.svg
fine/amazon fsx/Arch_Amazon-FSx-for-Lustre_16.png,amazon fsx,Storage,Architecture-Service-Icons_02072025/Arch_Storage/16/Arch_Amazon-FSx-for-Lustre_16.svg
fine/amazon fsx/Arch_Amazon-FSx-for-Lustre_32.png,amazon fsx,Storage,Architecture-Service-Icons_02072025/Arch_Storage/32/Arch_Amazon-FSx-for-Lustre_32.svg
fine/amazon fsx/Arch_Amazon-FSx-for-Lustre_64.png,amazon fsx,Storage,Architecture-Service-Icons_02072025/Arch_Storage/64/Arch_Amazon-FSx-for-Lustre_64.svg
fine/amazon fsx/Arch_Amazon-FSx-for-NetApp-ONTAP_16.png,amazon fsx,Storage,Architecture-Service-Icons_02072025/Arch_Storage/16/Arch_Amazon-FSx-for-NetApp-ONTAP_16.svg
fine/amazon fsx/Arch_Amazon-FSx-for-NetApp-ONTAP_48.png,amazon fsx,Storage,Architecture-Service-Icons_02072025/Arch_Storage/48/Arch_Amazon-FSx-for-NetApp-ONTAP_48.svg
fine/amazon fsx/Arch_Amazon-FSx-for-NetApp-ONTAP_64.png,amazon fsx,Storage,Architecture-Service-Icons_02072025/Arch_Storage/64/Arch_Amazon-FSx-for-NetApp-ONTAP_64.svg
fine/amazon fsx/Arch_Amazon-FSx-for-OpenZFS_48.png,amazon fsx,Storage,Architecture-Service-Icons_02072025/Arch_Storage/48/Arch_Amazon-FSx-for-OpenZFS_48.svg
fine/amazon fsx/Arch_Amazon-FSx-for-OpenZFS_64.png,amazon fsx,Storage,Architecture-Service-Icons_02072025/Arch_Storage/64/Arch_Amazon-FSx-for-OpenZFS_64.svg
fine/amazon fsx/Arch_Amazon-FSx-for-WFS_32.png,amazon fsx,Storage,Architecture-Service-Icons_02072025/Arch_Storage/32/Arch_Amazon-FSx-for-WFS_32.svg
fine/amazon fsx/Arch_Amazon-FSx-for-WFS_48.png,amazon fsx,Storage,Architecture-Service-Icons_02072025/Arch_Storage/48/Arch_Amazon-FSx-for-WFS_48.svg
fine/amazon fsx/Arch_Amazon-FSx-for-WFS_64.png,amazon fsx,Storage,Architecture-Service-Icons_02072025/Arch_Storage/64/Arch_Amazon-FSx-for-WFS_64.svg
fine/amazon fsx/Arch_Amazon-FSx_16.png,amazon fsx,Storage,Architecture-Service-Icons_02072025/Arch_Storage/16/Arch_Amazon-FSx_16.svg
fine/amazon fsx/Arch_Amazon-FSx_32.png,amazon fsx,Storage,Architecture-Service-Icons_02072025/Arch_Storage/32/Arch_Amazon-FSx_32.svg
fine/amazon fsx/Arch_Amazon-FSx_48.png,amazon fsx,Storage,Architecture-Service-Icons_02072025/Arch_Storage/48/Arch_Amazon-FSx_48.svg
fine/amazon fsx/Arch_Amazon-FSx_64.png,amazon fsx,Storage,Architecture-Service-Icons_02072025/Arch_Storage/64/Arch_Amazon-FSx_64.svg
fine/amazon fsx/Res_AWS-Backup_AWS-Backup-support-for-Amazon-FSx-for-NetApp-ONTAP_48.png,amazon fsx,Storage,Resource-Icons_02072025/Res_Storage/Res_AWS-Backup_AWS-Backup-support-for-Amazon-FSx-for-NetApp-ONTAP_48.svg
fine/amazon fsx/Res_AWS-Storage-Gateway_Amazon-FSx-File-Gateway_48.png,amazon fsx,Storage,Resource-Icons_02072025/Res_Storage/Res_AWS-Storage-Gateway_Amazon-FSx-File-Gateway_48.svg
fine/amazon lightsail/Arch_Amazon-Lightsail-for-Research_32.png,amazon lightsail,Compute,Architecture-Service-Icons_02072025/Arch_Compute/32/Arch_Amazon-Lightsail-for-Research_32.svg
fine/amazon lightsail/Arch_Amazon-Lightsail-for-Research_48.png,amazon lightsail,Compute,Architecture-Service-Icons_02072025/Arch_Compute/48/Arch_Amazon-Lightsail-for-Research_48.svg
fine/amazon lightsail/Arch_Amazon-Lightsail-for-Research_64.png,amazon lightsail,Compute,Architecture-Service-Icons_02072025/Arch_Compute/64/Arch_Amazon-Lightsail-for-Research_64.svg
fine/amazon lightsail/Arch_Amazon-Lightsail_16.png,amazon lightsail,Compute,Architecture-Service-Icons_02072025/Arch_Compute/16/Arch_Amazon-Lightsail_16.svg
fine/amazon lightsail/Arch_Amazon-Lightsail_32.png,amazon lightsail,Compute,Architecture-Service-Icons_02072025/Arch_Compute/32/Arch_Amazon-Lightsail_32.svg
fine/amazon managed blockchain/Arch_Amazon-Managed-Blockchain_16.png,amazon managed blockchain,Blockchain,Architecture-Service-Icons_02072025/Arch_Blockchain/16/Arch_Amazon-Managed-Blockchain_16.svg
fine/amazon managed blockchain/Arch_Amazon-Managed-Blockchain_48.png,amazon managed blockchain,Blockchain,Architecture-Service-Icons_02072025/Arch_Blockchain/48/Arch_Amazon-Managed-Blockchain_48.svg
fine/amazon managed blockchain/Res_Amazon-Managed-Blockchain_Blockchain_48.png,amazon managed blockchain,Blockchain,Resource-Icons_02072025/Res_Blockchain/Res_Amazon-Managed-Blockchain_Blockchain_48.svg
fine/amazon mq/Arch_Amazon-MQ_16.png,amazon mq,Application Integration,Architecture-Service-Icons_02072025/Arch_App-Integration/16/Arch_Amazon-MQ_16.svg
fine/amazon mq/Arch_Amazon-MQ_32.png,amazon mq,Application Integration,Architecture-Service-Icons_02072025/Arch_App-Integration/32/Arch_Amazon-MQ_32.svg
fine/amazon mq/Arch_Amazon-MQ_48.png,amazon mq,Application Integration,Architecture-Service-Icons_02072025/Arch_App-Integration/48/Arch_Amazon-MQ_48.svg
fine/amazon mq/Res_AWS-IoT_MQTT_Protocol_48.png,amazon mq,Application Integration,Resource-Icons_02072025/Res_IoT/Res_AWS-IoT_MQTT_Protocol_48.svg
fine/amazon opensearch service/Arch_Amazon-OpenSearch-Service_16.png,amazon opensearch service,Analytics,Architecture-Service-Icons_02072025/Arch_Analytics/16/Arch_Amazon-OpenSearch-Service_16.svg
fine/amazon opensearch service/Res_Amazon-OpenSearch-Service_Data-Node_48.png,amazon opensearch service,Analytics,Resource-Icons_02072025/Res_Analytics/Res_Amazon-OpenSearch-Service_Data-Node_48.svg
fine/amazon opensearch service/Res_Amazon-OpenSearch-Service_Index_48.png,amazon opensearch service,Analytics,Resource-Icons_02072025/Res_Analytics/Res_Amazon-OpenSearch-Service_Index_48.svg
fine/amazon opensearch service/Res_Amazon-OpenSearch-Service_Observability_48.png,amazon opensearch service,Analytics,Resource-Icons_02072025/Res_Analytics/Res_Amazon-OpenSearch-Service_Observability_48.svg
fine/amazon opensearch service/Res_Amazon-OpenSearch-Service_OpenSearch-Ingestion_48.png,amazon opensearch service,Analytics,Resource-Icons_02072025/Res_Analytics/Res_Amazon-OpenSearch-Service_OpenSearch-Ingestion_48.svg
fine/amazon opensearch service/Res_Amazon-OpenSearch-Service_Traces_48.png,amazon opensearch service,Analytics,Resource-Icons_02072025/Res_Analytics/Res_Amazon-OpenSearch-Service_Traces_48.svg
fine/amazon opensearch service/Res_Amazon-OpenSearch-Service_UltraWarm-Node_48.png,amazon opensearch service,Analytics,Resource-Icons_02072025/Res_Analytics/Res_Amazon-OpenSearch-Service_UltraWarm-Node_48.svg
fine/amazon quicksight/Arch_Amazon-QuickSight_16.png,amazon quicksight,Analytics,Architecture-Service-Icons_02072025/Arch_Analytics/16/Arch_Amazon-QuickSight_16.svg
fine/amazon quicksight/Arch_Amazon-QuickSight_32.png,amazon quicksight,Analytics,Architecture-Service-Icons_02072025/Arch_Analytics/32/Arch_Amazon-QuickSight_32.svg
fine/amazon quicksight/Arch_Amazon-QuickSight_48.png,amazon quicksight,Analytics,Architecture-Service-Icons_02072025/Arch_Analytics/48/Arch_Amazon-QuickSight_48.svg
fine/amazon quicksight/Res_Amazon-Quicksight_Paginated-Reports_48.png,amazon quicksight,Analytics,Resource-Icons_02072025/Res_Analytics/Res_Amazon-Quicksight_Paginated-Reports_48.svg
fine/amazon rds/Arch_Amazon-RDS_16.png,amazon rds,Database,Architecture-Service-Icons_02072025/Arch_Database/16/Arch_Amazon-RDS_16.svg
fine/amazon rds/Arch_Amazon-RDS_64.png,amazon rds,Database,Architecture-Service-Icons_02072025/Arch_Database/64/Arch_Amazon-RDS_64.svg
fine/amazon rds/Res_Amazon-Aurora_Amazon-RDS-Instance_48.png,amazon rds,Database,Resource-Icons_02072025/Res_Database/Res_Amazon-Aurora_Amazon-RDS-Instance_48.svg
fine/amazon rds/Res_Amazon-OpenSearch-Service_OpenSearch-Dashboards_48.png,amazon rds,Database,Resource-Icons_02072025/Res_Analytics/Res_Amazon-OpenSearch-Service_OpenSearch-Dashboards_48.svg
fine/amazon rds/Res_Amazon-RDS-Proxy-Instance-Alternate_48.png,amazon rds,Database,Resource-Icons_02072025/Res_Database/Res_Amazon-RDS-Proxy-Instance-Alternate_48.svg
fine/amazon rds/Res_Amazon-RDS-Proxy-Instance_48.png,amazon rds,Database,Resource-Icons_02072025/Res_Database/Res_Amazon-RDS-Proxy-Instance_48.svg
fine/amazon rds/Res_Amazon-RDS_Blue-Green-Deployments_48.png,amazon rds,Database,Resource-Icons_02072025/Res_Database/Res_Amazon-RDS_Blue-Green-Deployments_48.svg
fine/amazon rds/Res_Amazon-RDS_Multi-AZ-DB-Cluster_48.png,amazon rds,Database,Resource-Icons_02072025/Res_Database/Res_Amazon-RDS_Multi-AZ-DB-Cluster_48.svg
fine/amazon rds/Res_Amazon-RDS_Multi-AZ_48.png,amazon rds,Database,Resource-Icons_02072025/Res_Database/Res_Amazon-RDS_Multi-AZ_48.svg
fine/amazon rds/Res_Amazon-RDS_Optimized-Writes_48.png,amazon rds,Database,Resource-Icons_02072025/Res_Database/Res_Amazon-RDS_Optimized-Writes_48.svg
fine/amazon redshift/Arch_Amazon-Redshift_32.png,amazon redshift,Database,Architecture-Service-Icons_02072025/Arch_Analytics/32/Arch_Amazon-Redshift_32.svg
fine/amazon redshift/Res_Amazon-Redshift_Auto-copy_48.png,amazon redshift,Database,Resource-Icons_02072025/Res_Analytics/Res_Amazon-Redshift_Auto-copy_48.svg
fine/amazon redshift/Res_Amazon-Redshift_Data-Sharing-Governance_48.png,amazon redshift,Database,Resource-Icons_02072025/Res_Analytics/Res_Amazon-Redshift_Data-Sharing-Governance_48.svg
fine/amazon redshift/Res_Amazon-Redshift_Dense-Compute-Node_48.png,amazon redshift,Database,Resource-Icons_02072025/Res_Analytics/Res_Amazon-Redshift_Dense-Compute-Node_48.svg
fine/amazon redshift/Res_Amazon-Redshift_Dense-Storage-Node_48.png,amazon redshift,Database,Resource-Icons_02072025/Res_Analytics/Res_Amazon-Redshift_Dense-Storage-Node_48.svg
fine/amazon redshift/Res_Amazon-Redshift_ML_48.png,amazon redshift,Database,Resource-Icons_02072025/Res_Analytics/Res_Amazon-Redshift_ML_48.svg
fine/amazon redshift/Res_Amazon-Redshift_Query-Editor-v2.0_48.png,amazon redshift,Database,Resource-Icons_02072025/Res_Analytics/Res_Amazon-Redshift_Query-Editor-v2.0_48.svg
fine/amazon redshift/Res_Amazon-Redshift_RA3_48.png,amazon redshift,Database,Resource-Icons_02072025/Res_Analytics/Res_Amazon-Redshift_RA3_48.svg
fine/amazon rekognition/Arch_Amazon-Rekognition_16.png,amazon rekognition,AI & Machine Learning,Architecture-Service-Icons_02072025/Arch_Artificial-Intelligence/16/Arch_Amazon-Rekognition_16.svg
fine/amazon rekognition/Arch_Amazon-Rekognition_48.png,amazon rekognition,AI & Machine Learning,Architecture-Service-Icons_02072025/Arch_Artificial-Intelligence/48/Arch_Amazon-Rekognition_48.svg
fine/amazon rekognition/Arch_Amazon-Rekognition_64.png,amazon rekognition,AI & Machine Learning,Architecture-Service-Icons_02072025/Arch_Artificial-Intelligence/64/Arch_Amazon-Rekognition_64.svg
fine/amazon rekognition/Res_Amazon-Rekognition_Image_48.png,amazon rekognition,AI & Machine Learning,Resource-Icons_02072025/Res_Artificial-Intelligence/Res_Amazon-Rekognition_Image_48.svg
fine/amazon rekognition/Res_Amazon-Rekognition_Video_48.png,amazon rekognition,AI & Machine Learning,Resource-Icons_02072025/Res_Artificial-Intelligence/Res_Amazon-Rekognition_Video_48.svg
fine/amazon route 53/Arch_Amazon-Route-53_16.png,amazon route 53,Networking,Architecture-Service-Icons_02072025/Arch_Networking-Content-Delivery/16/Arch_Amazon-Route-53_16.svg
fine/amazon route 53/Arch_Amazon-Route-53_64.png,amazon route 53,Networking,Architecture-Service-Icons_02072025/Arch_Networking-Content-Delivery/64/Arch_Amazon-Route-53_64.svg
fine/amazon route 53/Res_Amazon-Route-53-Hosted-Zone_48.png,amazon route 53,Networking,Resource-Icons_02072025/Res_Networking-Content-Delivery/Res_Amazon-Route-53-Hosted-Zone_48.svg
fine/amazon route 53/Res_Amazon-Route-53_Readiness-Checks_48.png,amazon route 53,Networking,Resource-Icons_02072025/Res_Networking-Content-Delivery/Res_Amazon-Route-53_Readiness-Checks_48.svg
fine/amazon route 53/Res_Amazon-Route-53_Resolver-DNS-Firewall_48.png,amazon route 53,Networking,Resource-Icons_02072025/Res_Networking-Content-Delivery/Res_Amazon-Route-53_Resolver-DNS-Firewall_48.svg
fine/amazon route 53/Res_Amazon-Route-53_Resolver_48.png,amazon route 53,Networking,Resource-Icons_02072025/Res_Networking-Content-Delivery/Res_Amazon-Route-53_Resolver_48.svg
fine/amazon route 53/Res_Amazon-Route-53_Route-Table_48.png,amazon route 53,Networking,Resource-Icons_02072025/Res_Networking-Content-Delivery/Res_Amazon-Route-53_Route-Table_48.svg
fine/amazon s3/Arch_Amazon-S3-on-Outposts_16.png,amazon s3,Storage,Architecture-Service-Icons_02072025/Arch_Storage/16/Arch_Amazon-S3-on-Outposts_16.svg
fine/amazon s3/Arch_Amazon-S3-on-Outposts_64.png,amazon s3,Storage,Architecture-Service-Icons_02072025/Arch_Storage/64/Arch_Amazon-S3-on-Outposts_64.svg
fine/amazon s3/Res_AWS-Backup_AWS-Backup-support-for-Amazon-S3_48.png,amazon s3,Storage,Resource-Icons_02072025/Res_Storage/Res_AWS-Backup_AWS-Backup-support-for-Amazon-S3_48.svg
fine/amazon s3/Res_Amazon-File-Cache_S3-linked-datasets_48.png,amazon s3,Storage,Resource-Icons_02072025/Res_Storage/Res_Amazon-File-Cache_S3-linked-datasets_48.svg
fine/amazon s3/Res_Amazon-Simple-Storage-Service_S3-Express-One-Zone_48.png,amazon s3,Storage,Resource-Icons_02072025/Res_Storage/Res_Amazon-Simple-Storage-Service_S3-Express-One-Zone_48.svg
fine/amazon s3/Res_Amazon-Simple-Storage-Service_S3-Glacier-Deep-Archive_48.png,amazon s3,Storage,Resource-Icons_02072025/Res_Storage/Res_Amazon-Simple-Storage-Service_S3-Glacier-Deep-Archive_48.svg
fine/amazon s3/Res_Amazon-Simple-Storage-Service_S3-Glacier-Flexible-Retrieval_48.png,amazon s3,Storage,Resource-Icons_02072025/Res_Storage/Res_Amazon-Simple-Storage-Service_S3-Glacier-Flexible-Retrieval_48.svg
fine/amazon s3/Res_Amazon-Simple-Storage-Service_S3-Glacier-Instant-Retrieval_48.png,amazon s3,Storage,Resource-Icons_02072025/Res_Storage/Res_Amazon-Simple-Storage-Service_S3-Glacier-Instant-Retrieval_48.svg
fine/amazon s3/Res_Amazon-Simple-Storage-Service_S3-Intelligent-Tiering_48.png,amazon s3,Storage,Resource-Icons_02072025/Res_Storage/Res_Amazon-Simple-Storage-Service_S3-Intelligent-Tiering_48.svg
fine/amazon s3/Res_Amazon-Simple-Storage-Service_S3-Multi-Region-Access-Points_48.png,amazon s3,Storage,Resource-Icons_02072025/Res_Storage/Res_Amazon-Simple-Storage-Service_S3-Multi-Region-Access-Points_48.svg
fine/amazon s3/Res_Amazon-Simple-Storage-Service_S3-Object-Lambda-Access-Points_48.png,amazon s3,Storage,Resource-Icons_02072025/Res_Storage/Res_Amazon-Simple-Storage-Service_S3-Object-Lambda-Access-Points_48.svg
fine/amazon s3/Res_Amazon-Simple-Storage-Service_S3-Object-Lock_48.png,amazon s3,Storage,Resource-Icons_02072025/Res_Storage/Res_Amazon-Simple-Storage-Service_S3-Object-Lock_48.svg
fine/amazon s3/Res_Amazon-Simple-Storage-Service_S3-On-Outposts_48.png,amazon s3,Storage,Resource-Icons_02072025/Res_Storage/Res_Amazon-Simple-Storage-Service_S3-On-Outposts_48.svg
fine/amazon s3/Res_Amazon-Simple-Storage-Service_S3-One-Zone-IA_48.png,amazon s3,Storage,Resource-Icons_02072025/Res_Storage/Res_Amazon-Simple-Storage-Service_S3-One-Zone-IA_48.svg
fine/amazon s3/Res_Amazon-Simple-Storage-Service_S3-Replication-Time-Control_48.png,amazon s3,Storage,Resource-Icons_02072025/Res_Storage/Res_Amazon-Simple-Storage-Service_S3-Replication-Time-Control_48.svg
fine/amazon s3/Res_Amazon-Simple-Storage-Service_S3-Replication_48.png,amazon s3,Storage,Resource-Icons_02072025/Res_Storage/Res_Amazon-Simple-Storage-Service_S3-Replication_48.svg
fine/amazon s3/Res_Amazon-Simple-Storage-Service_S3-Select_48.png,amazon s3,Storage,Resource-Icons_02072025/Res_Storage/Res_Amazon-Simple-Storage-Service_S3-Select_48.svg
fine/amazon s3/Res_Amazon-Simple-Storage-Service_S3-Standard_48.png,amazon s3,Storage,Resource-Icons_02072025/Res_Storage/Res_Amazon-Simple-Storage-Service_S3-Standard_48.svg
fine/amazon s3/Res_Amazon-Simple-Storage-Service_S3-Storage-Lens_48.png,amazon s3,Storage,Resource-Icons_02072025/Res_Storage/Res_Amazon-Simple-Storage-Service_S3-Storage-Lens_48.svg
fine/amazon s3/Res_Amazon-Simple-Storage-Service_S3-Tables_48.png,amazon s3,Storage,Resource-Icons_02072025/Res_Storage/Res_Amazon-Simple-Storage-Service_S3-Tables_48.svg
fine/amazon sagemaker/Arch_Amazon-SageMaker-AI_16.png,amazon sagemaker,AI & Machine Learning,Architecture-Service-Icons_02072025/Arch_Artificial-Intelligence/16/Arch_Amazon-SageMaker-AI_16.svg
fine/amazon sagemaker/Arch_Amazon-SageMaker-AI_32.png,amazon sagemaker,AI & Machine Learning,Architecture-Service-Icons_02072025/Arch_Artificial-Intelligence/32/Arch_Amazon-SageMaker-AI_32.svg
fine/amazon sagemaker/Arch_Amazon-SageMaker-AI_48.png,amazon sagemaker,AI & Machine Learning,Architecture-Service-Icons_02072025/Arch_Artificial-Intelligence/48/Arch_Amazon-SageMaker-AI_48.svg
fine/amazon sagemaker/Arch_Amazon-SageMaker-AI_64.png,amazon sagemaker,AI & Machine Learning,Architecture-Service-Icons_02072025/Arch_Artificial-Intelligence/64/Arch_Amazon-SageMaker-AI_64.svg
fine/amazon sagemaker/Arch_Amazon-SageMaker-Ground-Truth_16.png,amazon sagemaker,AI & Machine Learning,Architecture-Service-Icons_02072025/Arch_Artificial-Intelligence/16/Arch_Amazon-SageMaker-Ground-Truth_16.svg
fine/amazon sagemaker/Arch_Amazon-SageMaker-Ground-Truth_48.png,amazon sagemaker,AI & Machine Learning,Architecture-Service-Icons_02072025/Arch_Artificial-Intelligence/48/Arch_Amazon-SageMaker-Ground-Truth_48.svg
fine/amazon sagemaker/Arch_Amazon-SageMaker-Studio-Lab_16.png,amazon sagemaker,AI & Machine Learning,Architecture-Service-Icons_02072025/Arch_Artificial-Intelligence/16/Arch_Amazon-SageMaker-Studio-Lab_16.svg
fine/amazon sagemaker/Arch_Amazon-SageMaker-Studio-Lab_32.png,amazon sagemaker,AI & Machine Learning,Architecture-Service-Icons_02072025/Arch_Artificial-Intelligence/32/Arch_Amazon-SageMaker-Studio-Lab_32.svg
fine/amazon sagemaker/Arch_Amazon-SageMaker-Studio-Lab_48.png,amazon sagemaker,AI & Machine Learning,Architecture-Service-Icons_02072025/Arch_Artificial-Intelligence/48/Arch_Amazon-SageMaker-Studio-Lab_48.svg
fine/amazon sagemaker/Arch_Amazon-SageMaker-Studio-Lab_64.png,amazon sagemaker,AI & Machine Learning,Architecture-Service-Icons_02072025/Arch_Artificial-Intelligence/64/Arch_Amazon-SageMaker-Studio-Lab_64.svg
fine/amazon sagemaker/Arch_Amazon-SageMaker_16.png,amazon sagemaker,AI & Machine Learning,Architecture-Service-Icons_02072025/Arch_Analytics/16/Arch_Amazon-SageMaker_16.svg
fine/amazon sagemaker/Arch_Amazon-SageMaker_32.png,amazon sagemaker,AI & Machine Learning,Architecture-Service-Icons_02072025/Arch_Analytics/32/Arch_Amazon-SageMaker_32.svg
fine/amazon sagemaker/Arch_Amazon-SageMaker_48.png,amazon sagemaker,AI & Machine Learning,Architecture-Service-Icons_02072025/Arch_Analytics/48/Arch_Amazon-SageMaker_48.svg
fine/amazon sagemaker/Res_Amazon-SageMaker_Canvas_48.png,amazon sagemaker,AI & Machine Learning,Resource-Icons_02072025/Res_Artificial-Intelligence/Res_Amazon-SageMaker_Canvas_48.svg
fine/amazon sagemaker/Res_Amazon-SageMaker_Geospatial-ML_48.png,amazon sagemaker,AI & Machine Learning,Resource-Icons_02072025/Res_Artificial-Intelligence/Res_Amazon-SageMaker_Geospatial-ML_48.svg
fine/amazon sagemaker/Res_Amazon-SageMaker_Model_48.png,amazon sagemaker,AI & Machine Learning,Resource-Icons_02072025/Res_Artificial-Intelligence/Res_Amazon-SageMaker_Model_48.svg
fine/amazon sagemaker/Res_Amazon-SageMaker_Train_48.png,amazon sagemaker,AI & Machine Learning,Resource-Icons_02072025/Res_Artificial-Intelligence/Res_Amazon-SageMaker_Train_48.svg
fine/amazon textract/Arch_Amazon-Textract_16.png,amazon textract,AI & Machine Learning,Architecture-Service-Icons_02072025/Arch_Artificial-Intelligence/16/Arch_Amazon-Textract_16.svg
fine/amazon textract/Arch_Amazon-Textract_32.png,amazon textract,AI & Machine Learning,Architecture-Service-Icons_02072025/Arch_Artificial-Intelligence/32/Arch_Amazon-Textract_32.svg
fine/amazon textract/Arch_Amazon-Textract_64.png,amazon textract,AI & Machine Learning,Architecture-Service-Icons_02072025/Arch_Artificial-Intelligence/64/Arch_Amazon-Textract_64.svg
fine/amazon vpc/Arch_Amazon-VPC-Lattice_16.png,amazon vpc,Networking,Architecture-Service-Icons_02072025/Arch_Networking-Content-Delivery/16/Arch_Amazon-VPC-Lattice_16.svg
fine/amazon vpc/Arch_Amazon-VPC-Lattice_32.png,amazon vpc,Networking,Architecture-Service-Icons_02072025/Arch_Networking-Content-Delivery/32/Arch_Amazon-VPC-Lattice_32.svg
fine/amazon vpc/Arch_Amazon-VPC-Lattice_48.png,amazon vpc,Networking,Architecture-Service-Icons_02072025/Arch_Networking-Content-Delivery/48/Arch_Amazon-VPC-Lattice_48.svg
fine/amazon vpc/Arch_Amazon-VPC-Lattice_64.png,amazon vpc,Networking,Architecture-Service-Icons_02072025/Arch_Networking-Content-Delivery/64/Arch_Amazon-VPC-Lattice_64.svg
fine/amazon vpc/Res_Amazon-Simple-Storage-Service_VPC-Access-Points_48.png,amazon vpc,Networking,Resource-Icons_02072025/Res_Storage/Res_Amazon-Simple-Storage-Service_VPC-Access-Points_48.svg
fine/amazon vpc/Res_Amazon-VPC_Carrier-Gateway_48.png,amazon vpc,Networking,Resource-Icons_02072025/Res_Networking-Content-Delivery/Res_Amazon-VPC_Carrier-Gateway_48.svg
fine/amazon vpc/Res_Amazon-VPC_Elastic-Network-Interface_48.png,amazon vpc,Networking,Resource-Icons_02072025/Res_Networking-Content-Delivery/Res_Amazon-VPC_Elastic-Network-Interface_48.svg
fine/amazon vpc/Res_Amazon-VPC_Endpoints_48.png,amazon vpc,Networking,Resource-Icons_02072025/Res_Networking-Content-Delivery/Res_Amazon-VPC_Endpoints_48.svg
fine/amazon vpc/Res_Amazon-VPC_Flow-Logs_48.png,amazon vpc,Networking,Resource-Icons_02072025/Res_Networking-Content-Delivery/Res_Amazon-VPC_Flow-Logs_48.svg
fine/amazon vpc/Res_Amazon-VPC_Network-Access-Analyzer_48.png,amazon vpc,Networking,Resource-Icons_02072025/Res_Networking-Content-Delivery/Res_Amazon-VPC_Network-Access-Analyzer_48.svg
fine/amazon vpc/Res_Amazon-VPC_Network-Access-Control-List_48.png,amazon vpc,Networking,Resource-Icons_02072025/Res_Networking-Content-Delivery/Res_Amazon-VPC_Network-Access-Control-List_48.svg
fine/amazon vpc/Res_Amazon-VPC_Peering-Connection_48.png,amazon vpc,Networking,Resource-Icons_02072025/Res_Networking-Content-Delivery/Res_Amazon-VPC_Peering-Connection_48.svg
fine/amazon vpc/Res_Amazon-VPC_Reachability-Analyzer_48.png,amazon vpc,Networking,Resource-Icons_02072025/Res_Networking-Content-Delivery/Res_Amazon-VPC_Reachability-Analyzer_48.svg
fine/amazon vpc/Res_Amazon-VPC_Router_48.png,amazon vpc,Networking,Resource-Icons_02072025/Res_Networking-Content-Delivery/Res_Amazon-VPC_Router_48.svg
fine/amazon vpc/Res_Amazon-VPC_Traffic-Mirroring_48.png,amazon vpc,Networking,Resource-Icons_02072025/Res_Networking-Content-Delivery/Res_Amazon-VPC_Traffic-Mirroring_48.svg
fine/amazon vpc/Res_Amazon-VPC_VPN-Connection_48.png,amazon vpc,Networking,Resource-Icons_02072025/Res_Networking-Content-Delivery/Res_Amazon-VPC_VPN-Connection_48.svg
fine/amazon vpc/Res_Amazon-VPC_VPN-Gateway_48.png,amazon vpc,Networking,Resource-Icons_02072025/Res_Networking-Content-Delivery/Res_Amazon-VPC_VPN-Gateway_48.svg
fine/amazon vpc/Virtual-private-cloud-VPC_32.png,amazon vpc,Networking,Architecture-Group-Icons_02072025/Virtual-private-cloud-VPC_32.svg
fine/amazon workdocs/Arch_Amazon-WorkDocs-SDK_32.png,amazon workdocs,Business Applications,Architecture-Service-Icons_02072025/Arch_Business-Applications/32/Arch_Amazon-WorkDocs-SDK_32.svg
fine/amazon workdocs/Arch_Amazon-WorkDocs-SDK_48.png,amazon workdocs,Business Applications,Architecture-Service-Icons_02072025/Arch_Business-Applications/48/Arch_Amazon-WorkDocs-SDK_48.svg
fine/amazon workdocs/Arch_Amazon-WorkDocs_16.png,amazon workdocs,Business Applications,Architecture-Service-Icons_02072025/Arch_Business-Applications/16/Arch_Amazon-WorkDocs_16.svg
fine/amazon workspaces/Arch_Amazon-WorkSpaces-Family_16.png,amazon workspaces,Business Applications,Architecture-Service-Icons_02072025/Arch_End-User-Computing/16/Arch_Amazon-WorkSpaces-Family_16.svg
fine/amazon workspaces/Arch_Amazon-WorkSpaces-Family_48.png,amazon workspaces,Business Applications,Architecture-Service-Icons_02072025/Arch_End-User-Computing/48/Arch_Amazon-WorkSpaces-Family_48.svg
fine/amazon workspaces/Arch_Amazon-WorkSpaces-Family_64.png,amazon workspaces,Business Applications,Architecture-Service-Icons_02072025/Arch_End-User-Computing/64/Arch_Amazon-WorkSpaces-Family_64.svg
fine/amazon workspaces/Res_Amazon-WorkSpaces-Family_Amazon-WorkSpaces-Core_48.png,amazon workspaces,Business Applications,Resource-Icons_02072025/Res_End-User-Computing/Res_Amazon-WorkSpaces-Family_Amazon-WorkSpaces-Core_48.svg
fine/amazon workspaces/Res_Amazon-WorkSpaces-Family_Amazon-WorkSpaces-Secure-Browser_48.png,amazon workspaces,Business Applications,Resource-Icons_02072025/Res_End-User-Computing/Res_Amazon-WorkSpaces-Family_Amazon-WorkSpaces-Secure-Browser_48.svg
fine/amazon workspaces/Res_Amazon-WorkSpaces-Family_Amazon-WorkSpaces_48.png,amazon workspaces,Business Applications,Resource-Icons_02072025/Res_End-User-Computing/Res_Amazon-WorkSpaces-Family_Amazon-WorkSpaces_48.svg
fine/aws app mesh/Arch_AWS-App-Mesh_16.png,aws app mesh,Application Integration,Architecture-Service-Icons_02072025/Arch_Networking-Content-Delivery/16/Arch_AWS-App-Mesh_16.svg
fine/aws app mesh/Arch_AWS-App-Mesh_48.png,aws app mesh,Application Integration,Architecture-Service-Icons_02072025/Arch_Networking-Content-Delivery/48/Arch_AWS-App-Mesh_48.svg
fine/aws app mesh/Arch_AWS-App-Mesh_64.png,aws app mesh,Application Integration,Architecture-Service-Icons_02072025/Arch_Networking-Content-Delivery/64/Arch_AWS-App-Mesh_64.svg
fine/aws app mesh/Res_AWS-App-Mesh_Mesh_48.png,aws app mesh,Application Integration,Resource-Icons_02072025/Res_Networking-Content-Delivery/Res_AWS-App-Mesh_Mesh_48.svg
fine/aws app mesh/Res_AWS-App-Mesh_Virtual-Service_48.png,aws app mesh,Application Integration,Resource-Icons_02072025/Res_Networking-Content-Delivery/Res_AWS-App-Mesh_Virtual-Service_48.svg
fine/aws backup/Arch_AWS-Backup_16.png,aws backup,Storage,Architecture-Service-Icons_02072025/Arch_Storage/16/Arch_AWS-Backup_16.svg
fine/aws backup/Arch_AWS-Backup_32.png,aws backup,Storage,Architecture-Service-Icons_02072025/Arch_Storage/32/Arch_AWS-Backup_32.svg
fine/aws backup/Arch_AWS-Backup_48.png,aws backup,Storage,Architecture-Service-Icons_02072025/Arch_Storage/48/Arch_AWS-Backup_48.svg
fine/aws backup/Arch_AWS-Backup_64.png,aws backup,Storage,Architecture-Service-Icons_02072025/Arch_Storage/64/Arch_AWS-Backup_64.svg
fine/aws backup/Res_AWS-Backup_AWS-Backup-Support-for-VMware-Workloads_48.png,aws backup,Storage,Resource-Icons_02072025/Res_Storage/Res_AWS-Backup_AWS-Backup-Support-for-VMware-Workloads_48.svg
fine/aws backup/Res_AWS-Backup_AWS-Backup-for-AWS-CloudFormation_48.png,aws backup,Storage,Resource-Icons_02072025/Res_Storage/Res_AWS-Backup_AWS-Backup-for-AWS-CloudFormation_48.svg
fine/aws backup/Res_AWS-Backup_Compliance-Reporting_48.png,aws backup,Storage,Resource-Icons_02072025/Res_Storage/Res_AWS-Backup_Compliance-Reporting_48.svg
fine/aws backup/Res_AWS-Backup_Compute_48.png,aws backup,Storage,Resource-Icons_02072025/Res_Storage/Res_AWS-Backup_Compute_48.svg
fine/aws backup/Res_AWS-Backup_Database_48.png,aws backup,Storage,Resource-Icons_02072025/Res_Storage/Res_AWS-Backup_Database_48.svg
fine/aws backup/Res_AWS-Backup_Storage_48.png,aws backup,Storage,Resource-Icons_02072025/Res_Storage/Res_AWS-Backup_Storage_48.svg
fine/aws batch/Arch_AWS-Batch_32.png,aws batch,Compute,Architecture-Service-Icons_02072025/Arch_Compute/32/Arch_AWS-Batch_32.svg
fine/aws batch/Arch_AWS-Batch_48.png,aws batch,Compute,Architecture-Service-Icons_02072025/Arch_Compute/48/Arch_AWS-Batch_48.svg
fine/aws batch/Arch_AWS-Batch_64.png,aws batch,Compute,Architecture-Service-Icons_02072025/Arch_Compute/64/Arch_AWS-Batch_64.svg
fine/aws batch/Res_Amazon-Simple-Storage-Service_S3-Batch-Operations_48.png,aws batch,Compute,Resource-Icons_02072025/Res_Storage/Res_Amazon-Simple-Storage-Service_S3-Batch-Operations_48.svg
fine/aws cloud map/AWS-Cloud_32.png,aws cloud map,Networking,Architecture-Group-Icons_02072025/AWS-Cloud_32.svg
fine/aws cloud map/Arch_AWS-Cloud-Map_16.png,aws cloud map,Networking,Architecture-Service-Icons_02072025/Arch_Networking-Content-Delivery/16/Arch_AWS-Cloud-Map_16.svg
fine/aws cloud map/Arch_AWS-Cloud-Map_32.png,aws cloud map,Networking,Architecture-Service-Icons_02072025/Arch_Networking-Content-Delivery/32/Arch_AWS-Cloud-Map_32.svg
fine/aws cloud map/Arch_AWS-Cloud-Map_48.png,aws cloud map,Networking,Architecture-Service-Icons_02072025/Arch_Networking-Content-Delivery/48/Arch_AWS-Cloud-Map_48.svg
fine/aws cloud map/Arch_AWS-Cloud-Map_64.png,aws cloud map,Networking,Architecture-Service-Icons_02072025/Arch_Networking-Content-Delivery/64/Arch_AWS-Cloud-Map_64.svg
fine/aws cloud map/Res_AWS-Cloud-Map_Service_48.png,aws cloud map,Networking,Resource-Icons_02072025/Res_Networking-Content-Delivery/Res_AWS-Cloud-Map_Service_48.svg
fine/aws cloudformation/Arch_AWS-CloudFormation_16.png,aws cloudformation,DevOps & Developer Tools,Architecture-Service-Icons_02072025/Arch_Management-Governance/16/Arch_AWS-CloudFormation_16.svg
fine/aws cloudformation/Arch_AWS-CloudFormation_32.png,aws cloudformation,DevOps & Developer Tools,Architecture-Service-Icons_02072025/Arch_Management-Governance/32/Arch_AWS-CloudFormation_32.svg
fine/aws cloudformation/Res_AWS-CloudFormation_Change-Set_48.png,aws cloudformation,DevOps & Developer Tools,Resource-Icons_02072025/Res_Management-Governance/Res_AWS-CloudFormation_Change-Set_48.svg
fine/aws cloudformation/Res_AWS-CloudFormation_Stack_48.png,aws cloudformation,DevOps & Developer Tools,Resource-Icons_02072025/Res_Management-Governance/Res_AWS-CloudFormation_Stack_48.svg
fine/aws cloudformation/Res_AWS-CloudFormation_Template_48.png,aws cloudformation,DevOps & Developer Tools,Resource-Icons_02072025/Res_Management-Governance/Res_AWS-CloudFormation_Template_48.svg
fine/aws cloudtrail/Arch_AWS-CloudTrail_16.png,aws cloudtrail,Monitoring & Logging,Architecture-Service-Icons_02072025/Arch_Management-Governance/16/Arch_AWS-CloudTrail_16.svg
fine/aws cloudtrail/Arch_AWS-CloudTrail_32.png,aws cloudtrail,Monitoring & Logging,Architecture-Service-Icons_02072025/Arch_Management-Governance/32/Arch_AWS-CloudTrail_32.svg
fine/aws cloudtrail/Arch_AWS-CloudTrail_48.png,aws cloudtrail,Monitoring & Logging,Architecture-Service-Icons_02072025/Arch_Management-Governance/48/Arch_AWS-CloudTrail_48.svg
fine/aws cloudtrail/Arch_AWS-CloudTrail_64.png,aws cloudtrail,Monitoring & Logging,Architecture-Service-Icons_02072025/Arch_Management-Governance/64/Arch_AWS-CloudTrail_64.svg
fine/aws config/Arch_AWS-AppConfig_16.png,aws config,Monitoring & Logging,Architecture-Service-Icons_02072025/Arch_Management-Governance/16/Arch_AWS-AppConfig_16.svg
fine/aws config/Arch_AWS-AppConfig_32.png,aws config,Monitoring & Logging,Architecture-Service-Icons_02072025/Arch_Management-Governance/32/Arch_AWS-AppConfig_32.svg
fine/aws config/Arch_AWS-AppConfig_48.png,aws config,Monitoring & Logging,Architecture-Service-Icons_02072025/Arch_Management-Governance/48/Arch_AWS-AppConfig_48.svg
fine/aws config/Arch_AWS-AppConfig_64.png,aws config,Monitoring & Logging,Architecture-Service-Icons_02072025/Arch_Management-Governance/64/Arch_AWS-AppConfig_64.svg
fine/aws config/Arch_AWS-Config_16.png,aws config,Monitoring & Logging,Architecture-Service-Icons_02072025/Arch_Management-Governance/16/Arch_AWS-Config_16.svg
fine/aws config/Arch_AWS-Config_32.png,aws config,Monitoring & Logging,Architecture-Service-Icons_02072025/Arch_Management-Governance/32/Arch_AWS-Config_32.svg
fine/aws config/Arch_AWS-Config_48.png,aws config,Monitoring & Logging,Architecture-Service-Icons_02072025/Arch_Management-Governance/48/Arch_AWS-Config_48.svg
fine/aws database migration service/Arch_AWS-Database-Migration-Service_16.png,aws database migration service,Migration & Transfer,Architecture-Service-Icons_02072025/Arch_Database/16/Arch_AWS-Database-Migration-Service_16.svg
fine/aws database migration service/Arch_AWS-Database-Migration-Service_32.png,aws database migration service,Migration & Transfer,Architecture-Service-Icons_02072025/Arch_Database/32/Arch_AWS-Database-Migration-Service_32.svg
fine/aws database migration service/Arch_AWS-Database-Migration-Service_48.png,aws database migration service,Migration & Transfer,Architecture-Service-Icons_02072025/Arch_Database/48/Arch_AWS-Database-Migration-Service_48.svg
fine/aws database migration service/Res_AWS-Database-Migration-Service_Database-migration-workflow-or-job_48.png,aws database migration service,Migration & Transfer,Resource-Icons_02072025/Res_Database/Res_AWS-Database-Migration-Service_Database-migration-workflow-or-job_48.svg
fine/aws datasync/Arch_AWS-DataSync_16.png,aws datasync,Migration & Transfer,Architecture-Service-Icons_02072025/Arch_Migration-Modernization/16/Arch_AWS-DataSync_16.svg
fine/aws datasync/Arch_AWS-DataSync_32.png,aws datasync,Migration & Transfer,Architecture-Service-Icons_02072025/Arch_Migration-Modernization/32/Arch_AWS-DataSync_32.svg
fine/aws datasync/Res_AWS-DataSync_Discovery_48.png,aws datasync,Migration & Transfer,Resource-Icons_02072025/Res_Migration-Modernization/Res_AWS-DataSync_Discovery_48.svg
fine/aws datasync/Res_AWS-Datasync_Agent_48.png,aws datasync,Migration & Transfer,Resource-Icons_02072025/Res_Migration-Modernization/Res_AWS-Datasync_Agent_48.svg
fine/aws direct connect/Arch_AWS-Direct-Connect_16.png,aws direct connect,Networking,Architecture-Service-Icons_02072025/Arch_Networking-Content-Delivery/16/Arch_AWS-Direct-Connect_16.svg
fine/aws direct connect/Arch_AWS-Direct-Connect_48.png,aws direct connect,Networking,Architecture-Service-Icons_02072025/Arch_Networking-Content-Delivery/48/Arch_AWS-Direct-Connect_48.svg
fine/aws direct connect/Arch_AWS-Direct-Connect_64.png,aws direct connect,Networking,Architecture-Service-Icons_02072025/Arch_Networking-Content-Delivery/64/Arch_AWS-Direct-Connect_64.svg
fine/aws direct connect/Res_AWS-Direct-Connect_Gateway_48.png,aws direct connect,Networking,Resource-Icons_02072025/Res_Networking-Content-Delivery/Res_AWS-Direct-Connect_Gateway_48.svg
fine/aws elastic beanstalk/Arch_AWS-Elastic-Beanstalk_16.png,aws elastic beanstalk,Compute,Architecture-Service-Icons_02072025/Arch_Compute/16/Arch_AWS-Elastic-Beanstalk_16.svg
fine/aws elastic beanstalk/Arch_AWS-Elastic-Beanstalk_32.png,aws elastic beanstalk,Compute,Architecture-Service-Icons_02072025/Arch_Compute/32/Arch_AWS-Elastic-Beanstalk_32.svg
fine/aws elastic beanstalk/Arch_AWS-Elastic-Beanstalk_48.png,aws elastic beanstalk,Compute,Architecture-Service-Icons_02072025/Arch_Compute/48/Arch_AWS-Elastic-Beanstalk_48.svg
fine/aws elastic beanstalk/Arch_AWS-Elastic-Beanstalk_64.png,aws elastic beanstalk,Compute,Architecture-Service-Icons_02072025/Arch_Compute/64/Arch_AWS-Elastic-Beanstalk_64.svg
fine/aws elastic beanstalk/Res_AWS-Elastic-Beanstalk_Deployment_48.png,aws elastic beanstalk,Compute,Resource-Icons_02072025/Res_Compute/Res_AWS-Elastic-Beanstalk_Deployment_48.svg
fine/aws glue/Arch_AWS-Glue-DataBrew_16.png,aws glue,Analytics,Architecture-Service-Icons_02072025/Arch_Analytics/16/Arch_AWS-Glue-DataBrew_16.svg
fine/aws glue/Arch_AWS-Glue-DataBrew_48.png,aws glue,Analytics,Architecture-Service-Icons_02072025/Arch_Analytics/48/Arch_AWS-Glue-DataBrew_48.svg
fine/aws glue/Arch_AWS-Glue-DataBrew_64.png,aws glue,Analytics,Architecture-Service-Icons_02072025/Arch_Analytics/64/Arch_AWS-Glue-DataBrew_64.svg
fine/aws glue/Res_AWS-Glue_AWS-Glue-for-Ray_48.png,aws glue,Analytics,Resource-Icons_02072025/Res_Analytics/Res_AWS-Glue_AWS-Glue-for-Ray_48.svg
fine/aws glue/Res_AWS-Glue_Crawler_48.png,aws glue,Analytics,Resource-Icons_02072025/Res_Analytics/Res_AWS-Glue_Crawler_48.svg
fine/aws glue/Res_AWS-Glue_Data-Catalog_48.png,aws glue,Analytics,Resource-Icons_02072025/Res_Analytics/Res_AWS-Glue_Data-Catalog_48.svg
fine/aws glue/Res_AWS-Glue_Data-Quality_48.png,aws glue,Analytics,Resource-Icons_02072025/Res_Analytics/Res_AWS-Glue_Data-Quality_48.svg
fine/aws iot analytics/Arch_AWS-IoT-Analytics_16.png,aws iot analytics,IoT,Architecture-Service-Icons_02072025/Arch_Internet-of-Things/16/Arch_AWS-IoT-Analytics_16.svg
fine/aws iot analytics/Arch_AWS-IoT-Analytics_32.png,aws iot analytics,IoT,Architecture-Service-Icons_02072025/Arch_Internet-of-Things/32/Arch_AWS-IoT-Analytics_32.svg
fine/aws iot analytics/Arch_AWS-IoT-Analytics_64.png,aws iot analytics,IoT,Architecture-Service-Icons_02072025/Arch_Internet-of-Things/64/Arch_AWS-IoT-Analytics_64.svg
fine/aws iot analytics/Res_AWS-IoT-Analytics_Data-Store_48.png,aws iot analytics,IoT,Resource-Icons_02072025/Res_IoT/Res_AWS-IoT-Analytics_Data-Store_48.svg
fine/aws iot analytics/Res_AWS-IoT-Analytics_Notebook_48.png,aws iot analytics,IoT,Resource-Icons_02072025/Res_IoT/Res_AWS-IoT-Analytics_Notebook_48.svg
fine/aws iot core/Arch_AWS-IoT-Core_16.png,aws iot core,IoT,Architecture-Service-Icons_02072025/Arch_Internet-of-Things/16/Arch_AWS-IoT-Core_16.svg
fine/aws iot core/Arch_AWS-IoT-Core_32.png,aws iot core,IoT,Architecture-Service-Icons_02072025/Arch_Internet-of-Things/32/Arch_AWS-IoT-Core_32.svg
fine/aws iot core/Arch_AWS-IoT-Core_48.png,aws iot core,IoT,Architecture-Service-Icons_02072025/Arch_Internet-of-Things/48/Arch_AWS-IoT-Core_48.svg
fine/aws iot core/Arch_AWS-IoT-Core_64.png,aws iot core,IoT,Architecture-Service-Icons_02072025/Arch_Internet-of-Things/64/Arch_AWS-IoT-Core_64.svg
fine/aws iot core/Res_AWS-IoT-Core_Device-Advisor_48.png,aws iot core,IoT,Resource-Icons_02072025/Res_IoT/Res_AWS-IoT-Core_Device-Advisor_48.svg
fine/aws iot greengrass/AWS-IoT-Greengrass-Deployment_32.png,aws iot greengrass,IoT,Architecture-Group-Icons_02072025/AWS-IoT-Greengrass-Deployment_32.svg
fine/aws iot greengrass/Arch_AWS-IoT-Greengrass_16.png,aws iot greengrass,IoT,Architecture-Service-Icons_02072025/Arch_Internet-of-Things/16/Arch_AWS-IoT-Greengrass_16.svg
fine/aws iot greengrass/Arch_AWS-IoT-Greengrass_32.png,aws iot greengrass,IoT,Architecture-Service-Icons_02072025/Arch_Internet-of-Things/32/Arch_AWS-IoT-Greengrass_32.svg
fine/aws iot greengrass/Arch_AWS-IoT-Greengrass_48.png,aws iot greengrass,IoT,Architecture-Service-Icons_02072025/Arch_Internet-of-Things/48/Arch_AWS-IoT-Greengrass_48.svg
fine/aws iot greengrass/Arch_AWS-IoT-Greengrass_64.png,aws iot greengrass,IoT,Architecture-Service-Icons_02072025/Arch_Internet-of-Things/64/Arch_AWS-IoT-Greengrass_64.svg
fine/aws iot greengrass/Res_AWS-IoT-Greengrass_Artifact_48.png,aws iot greengrass,IoT,Resource-Icons_02072025/Res_IoT/Res_AWS-IoT-Greengrass_Artifact_48.svg
fine/aws iot greengrass/Res_AWS-IoT-Greengrass_Component-Machine-Learning_48.png,aws iot greengrass,IoT,Resource-Icons_02072025/Res_IoT/Res_AWS-IoT-Greengrass_Component-Machine-Learning_48.svg
fine/aws iot greengrass/Res_AWS-IoT-Greengrass_Component-Nucleus_48.png,aws iot greengrass,IoT,Resource-Icons_02072025/Res_IoT/Res_AWS-IoT-Greengrass_Component-Nucleus_48.svg
fine/aws iot greengrass/Res_AWS-IoT-Greengrass_Component-Public_48.png,aws iot greengrass,IoT,Resource-Icons_02072025/Res_IoT/Res_AWS-IoT-Greengrass_Component-Public_48.svg
fine/aws iot greengrass/Res_AWS-IoT-Greengrass_Interprocess-Communication_48.png,aws iot greengrass,IoT,Resource-Icons_02072025/Res_IoT/Res_AWS-IoT-Greengrass_Interprocess-Communication_48.svg
fine/aws iot greengrass/Res_AWS-IoT-Greengrass_Recipe_48.png,aws iot greengrass,IoT,Resource-Icons_02072025/Res_IoT/Res_AWS-IoT-Greengrass_Recipe_48.svg
fine/aws iot greengrass/Res_AWS-IoT-Greengrass_Stream-Manager_48.png,aws iot greengrass,IoT,Resource-Icons_02072025/Res_IoT/Res_AWS-IoT-Greengrass_Stream-Manager_48.svg
fine/aws iot sitewise/Arch_AWS-IoT-SiteWise_16.png,aws iot sitewise,IoT,Architecture-Service-Icons_02072025/Arch_Internet-of-Things/16/Arch_AWS-IoT-SiteWise_16.svg
fine/aws iot sitewise/Arch_AWS-IoT-SiteWise_32.png,aws iot sitewise,IoT,Architecture-Service-Icons_02072025/Arch_Internet-of-Things/32/Arch_AWS-IoT-SiteWise_32.svg
fine/aws iot sitewise/Arch_AWS-IoT-SiteWise_48.png,aws iot sitewise,IoT,Architecture-Service-Icons_02072025/Arch_Internet-of-Things/48/Arch_AWS-IoT-SiteWise_48.svg
fine/aws iot sitewise/Res_AWS-IoT-SiteWise_Asset-Hierarchy_48.png,aws iot sitewise,IoT,Resource-Icons_02072025/Res_IoT/Res_AWS-IoT-SiteWise_Asset-Hierarchy_48.svg
fine/aws iot sitewise/Res_AWS-IoT-SiteWise_Asset-Model_48.png,aws iot sitewise,IoT,Resource-Icons_02072025/Res_IoT/Res_AWS-IoT-SiteWise_Asset-Model_48.svg
fine/aws lake formation/Arch_AWS-Lake-Formation_32.png,aws lake formation,Analytics,Architecture-Service-Icons_02072025/Arch_Analytics/32/Arch_AWS-Lake-Formation_32.svg
fine/aws lake formation/Arch_AWS-Lake-Formation_64.png,aws lake formation,Analytics,Architecture-Service-Icons_02072025/Arch_Analytics/64/Arch_AWS-Lake-Formation_64.svg
fine/aws lake formation/Res_AWS-Lake-Formation_Data-Lake_48.png,aws lake formation,Analytics,Resource-Icons_02072025/Res_Analytics/Res_AWS-Lake-Formation_Data-Lake_48.svg
fine/aws lambda/Arch_AWS-Lambda_16.png,aws lambda,Serverless & Event-driven,Architecture-Service-Icons_02072025/Arch_Compute/16/Arch_AWS-Lambda_16.svg
fine/aws lambda/Arch_AWS-Lambda_48.png,aws lambda,Serverless & Event-driven,Architecture-Service-Icons_02072025/Arch_Compute/48/Arch_AWS-Lambda_48.svg
fine/aws lambda/Arch_AWS-Lambda_64.png,aws lambda,Serverless & Event-driven,Architecture-Service-Icons_02072025/Arch_Compute/64/Arch_AWS-Lambda_64.svg
fine/aws lambda/Res_AWS-Lambda_Lambda-Function_48.png,aws lambda,Serverless & Event-driven,Resource-Icons_02072025/Res_Compute/Res_AWS-Lambda_Lambda-Function_48.svg
fine/aws license manager/Arch_AWS-License-Manager_32.png,aws license manager,Management & Governance,Architecture-Service-Icons_02072025/Arch_Management-Governance/32/Arch_AWS-License-Manager_32.svg
fine/aws license manager/Arch_AWS-License-Manager_48.png,aws license manager,Management & Governance,Architecture-Service-Icons_02072025/Arch_Management-Governance/48/Arch_AWS-License-Manager_48.svg
fine/aws license manager/Arch_AWS-License-Manager_64.png,aws license manager,Management & Governance,Architecture-Service-Icons_02072025/Arch_Management-Governance/64/Arch_AWS-License-Manager_64.svg
fine/aws organizations/Arch_AWS-Organizations_16.png,aws organizations,Management & Governance,Architecture-Service-Icons_02072025/Arch_Management-Governance/16/Arch_AWS-Organizations_16.svg
fine/aws organizations/Arch_AWS-Organizations_32.png,aws organizations,Management & Governance,Architecture-Service-Icons_02072025/Arch_Management-Governance/32/Arch_AWS-Organizations_32.svg
fine/aws organizations/Arch_AWS-Organizations_48.png,aws organizations,Management & Governance,Architecture-Service-Icons_02072025/Arch_Management-Governance/48/Arch_AWS-Organizations_48.svg
fine/aws organizations/Arch_AWS-Organizations_64.png,aws organizations,Management & Governance,Architecture-Service-Icons_02072025/Arch_Management-Governance/64/Arch_AWS-Organizations_64.svg
fine/aws organizations/Res_AWS-Organizations_Account_48.png,aws organizations,Management & Governance,Resource-Icons_02072025/Res_Management-Governance/Res_AWS-Organizations_Account_48.svg
fine/aws organizations/Res_AWS-Organizations_Organizational-Unit_48.png,aws organizations,Management & Governance,Resource-Icons_02072025/Res_Management-Governance/Res_AWS-Organizations_Organizational-Unit_48.svg
fine/aws robomaker/Arch_AWS-RoboMaker_16.png,aws robomaker,Robotics / AR-VR,Architecture-Service-Icons_02072025/Arch_Robotics/16/Arch_AWS-RoboMaker_16.svg
fine/aws robomaker/Arch_AWS-RoboMaker_32.png,aws robomaker,Robotics / AR-VR,Architecture-Service-Icons_02072025/Arch_Robotics/32/Arch_AWS-RoboMaker_32.svg
fine/aws robomaker/Arch_AWS-RoboMaker_64.png,aws robomaker,Robotics / AR-VR,Architecture-Service-Icons_02072025/Arch_Robotics/64/Arch_AWS-RoboMaker_64.svg
fine/aws robomaker/Res_AWS-RoboMaker_Cloud-Extensions-ROS_48.png,aws robomaker,Robotics / AR-VR,Resource-Icons_02072025/Res_Robotics/Res_AWS-RoboMaker_Cloud-Extensions-ROS_48.svg
fine/aws robomaker/Res_AWS-RoboMaker_Development-Environment_48.png,aws robomaker,Robotics / AR-VR,Resource-Icons_02072025/Res_Robotics/Res_AWS-RoboMaker_Development-Environment_48.svg
fine/aws robomaker/Res_AWS-RoboMaker_Fleet-Management_48.png,aws robomaker,Robotics / AR-VR,Resource-Icons_02072025/Res_Robotics/Res_AWS-RoboMaker_Fleet-Management_48.svg
fine/aws security hub/Arch_AWS-Security-Hub_16.png,aws security hub,Security & Identity,Architecture-Service-Icons_02072025/Arch_Security-Identity-Compliance/16/Arch_AWS-Security-Hub_16.svg
fine/aws security hub/Arch_AWS-Security-Hub_32.png,aws security hub,Security & Identity,Architecture-Service-Icons_02072025/Arch_Security-Identity-Compliance/32/Arch_AWS-Security-Hub_32.svg
fine/aws security hub/Arch_AWS-Security-Hub_64.png,aws security hub,Security & Identity,Architecture-Service-Icons_02072025/Arch_Security-Identity-Compliance/64/Arch_AWS-Security-Hub_64.svg
fine/aws shield/Arch_AWS-Shield_32.png,aws shield,Security & Identity,Architecture-Service-Icons_02072025/Arch_Security-Identity-Compliance/32/Arch_AWS-Shield_32.svg
fine/aws shield/Arch_AWS-Shield_48.png,aws shield,Security & Identity,Architecture-Service-Icons_02072025/Arch_Security-Identity-Compliance/48/Arch_AWS-Shield_48.svg
fine/aws shield/Res_AWS-Shield_AWS-Shield-Advanced_48.png,aws shield,Security & Identity,Resource-Icons_02072025/Res_Security-Identity-Compliance/Res_AWS-Shield_AWS-Shield-Advanced_48.svg
fine/aws shield/Res_Shield_48_Dark.png,aws shield,Security & Identity,Resource-Icons_02072025/Res_General-Icons/Res_48_Dark/Res_Shield_48_Dark.svg
fine/aws shield/Res_Shield_48_Light.png,aws shield,Security & Identity,Resource-Icons_02072025/Res_General-Icons/Res_48_Light/Res_Shield_48_Light.svg
fine/aws snowball/Arch_AWS-Snowball-Edge_32.png,aws snowball,Migration & Transfer,Architecture-Service-Icons_02072025/Arch_Storage/32/Arch_AWS-Snowball-Edge_32.svg
fine/aws snowball/Arch_AWS-Snowball_16.png,aws snowball,Migration & Transfer,Architecture-Service-Icons_02072025/Arch_Storage/16/Arch_AWS-Snowball_16.svg
fine/aws snowball/Arch_AWS-Snowball_32.png,aws snowball,Migration & Transfer,Architecture-Service-Icons_02072025/Arch_Storage/32/Arch_AWS-Snowball_32.svg
fine/aws snowball/Arch_AWS-Snowball_48.png,aws snowball,Migration & Transfer,Architecture-Service-Icons_02072025/Arch_Storage/48/Arch_AWS-Snowball_48.svg
fine/aws snowball/Arch_AWS-Snowball_64.png,aws snowball,Migration & Transfer,Architecture-Service-Icons_02072025/Arch_Storage/64/Arch_AWS-Snowball_64.svg
fine/aws snowball/Res_AWS-Snowball_Snowball-Import-Export_48.png,aws snowball,Migration & Transfer,Resource-Icons_02072025/Res_Storage/Res_AWS-Snowball_Snowball-Import-Export_48.svg
fine/aws storage gateway/Arch_AWS-Storage-Gateway_32.png,aws storage gateway,Storage,Architecture-Service-Icons_02072025/Arch_Storage/32/Arch_AWS-Storage-Gateway_32.svg
fine/aws storage gateway/Arch_AWS-Storage-Gateway_48.png,aws storage gateway,Storage,Architecture-Service-Icons_02072025/Arch_Storage/48/Arch_AWS-Storage-Gateway_48.svg
fine/aws storage gateway/Arch_AWS-Storage-Gateway_64.png,aws storage gateway,Storage,Architecture-Service-Icons_02072025/Arch_Storage/64/Arch_AWS-Storage-Gateway_64.svg
fine/aws storage gateway/Res_AWS-Storage-Gateway_Cached-Volume_48.png,aws storage gateway,Storage,Resource-Icons_02072025/Res_Storage/Res_AWS-Storage-Gateway_Cached-Volume_48.svg
fine/aws storage gateway/Res_AWS-Storage-Gateway_Noncached-Volume_48.png,aws storage gateway,Storage,Resource-Icons_02072025/Res_Storage/Res_AWS-Storage-Gateway_Noncached-Volume_48.svg
fine/aws storage gateway/Res_AWS-Storage-Gateway_Tape-Gateway_48.png,aws storage gateway,Storage,Resource-Icons_02072025/Res_Storage/Res_AWS-Storage-Gateway_Tape-Gateway_48.svg
fine/aws storage gateway/Res_AWS-Storage-Gateway_Volume-Gateway_48.png,aws storage gateway,Storage,Resource-Icons_02072025/Res_Storage/Res_AWS-Storage-Gateway_Volume-Gateway_48.svg
fine/aws systems manager/Arch_AWS-Systems-Manager_16.png,aws systems manager,Management & Governance,Architecture-Service-Icons_02072025/Arch_Management-Governance/16/Arch_AWS-Systems-Manager_16.svg
fine/aws systems manager/Arch_AWS-Systems-Manager_32.png,aws systems manager,Management & Governance,Architecture-Service-Icons_02072025/Arch_Management-Governance/32/Arch_AWS-Systems-Manager_32.svg
fine/aws systems manager/Arch_AWS-Systems-Manager_48.png,aws systems manager,Management & Governance,Architecture-Service-Icons_02072025/Arch_Management-Governance/48/Arch_AWS-Systems-Manager_48.svg
fine/aws systems manager/Res_AWS-Systems-Manager_Application-Manager_48.png,aws systems manager,Management & Governance,Resource-Icons_02072025/Res_Management-Governance/Res_AWS-Systems-Manager_Application-Manager_48.svg
fine/aws systems manager/Res_AWS-Systems-Manager_Automation_48.png,aws systems manager,Management & Governance,Resource-Icons_02072025/Res_Management-Governance/Res_AWS-Systems-Manager_Automation_48.svg
fine/aws systems manager/Res_AWS-Systems-Manager_Change-Calendar_48.png,aws systems manager,Management & Governance,Resource-Icons_02072025/Res_Management-Governance/Res_AWS-Systems-Manager_Change-Calendar_48.svg
fine/aws systems manager/Res_AWS-Systems-Manager_Compliance_48.png,aws systems manager,Management & Governance,Resource-Icons_02072025/Res_Management-Governance/Res_AWS-Systems-Manager_Compliance_48.svg
fine/aws systems manager/Res_AWS-Systems-Manager_Distributor_48.png,aws systems manager,Management & Governance,Resource-Icons_02072025/Res_Management-Governance/Res_AWS-Systems-Manager_Distributor_48.svg
fine/aws systems manager/Res_AWS-Systems-Manager_Documents_48.png,aws systems manager,Management & Governance,Resource-Icons_02072025/Res_Management-Governance/Res_AWS-Systems-Manager_Documents_48.svg
fine/aws systems manager/Res_AWS-Systems-Manager_Incident-Manager_48.png,aws systems manager,Management & Governance,Resource-Icons_02072025/Res_Management-Governance/Res_AWS-Systems-Manager_Incident-Manager_48.svg
fine/aws systems manager/Res_AWS-Systems-Manager_Inventory_48.png,aws systems manager,Management & Governance,Resource-Icons_02072025/Res_Management-Governance/Res_AWS-Systems-Manager_Inventory_48.svg
fine/aws systems manager/Res_AWS-Systems-Manager_Maintenance-Windows_48.png,aws systems manager,Management & Governance,Resource-Icons_02072025/Res_Management-Governance/Res_AWS-Systems-Manager_Maintenance-Windows_48.svg
fine/aws systems manager/Res_AWS-Systems-Manager_Parameter-Store_48.png,aws systems manager,Management & Governance,Resource-Icons_02072025/Res_Management-Governance/Res_AWS-Systems-Manager_Parameter-Store_48.svg
fine/aws systems manager/Res_AWS-Systems-Manager_State-Manager_48.png,aws systems manager,Management & Governance,Resource-Icons_02072025/Res_Management-Governance/Res_AWS-Systems-Manager_State-Manager_48.svg
fine/aws transfer family/Arch_AWS-Transfer-Family_16.png,aws transfer family,Migration & Transfer,Architecture-Service-Icons_02072025/Arch_Migration-Modernization/16/Arch_AWS-Transfer-Family_16.svg
fine/aws transfer family/Arch_AWS-Transfer-Family_32.png,aws transfer family,Migration & Transfer,Architecture-Service-Icons_02072025/Arch_Migration-Modernization/32/Arch_AWS-Transfer-Family_32.svg
fine/aws transfer family/Arch_AWS-Transfer-Family_48.png,aws transfer family,Migration & Transfer,Architecture-Service-Icons_02072025/Arch_Migration-Modernization/48/Arch_AWS-Transfer-Family_48.svg
fine/aws transfer family/Res_AWS-Transfer-Family_AWS-AS2_48.png,aws transfer family,Migration & Transfer,Resource-Icons_02072025/Res_Migration-Modernization/Res_AWS-Transfer-Family_AWS-AS2_48.svg
fine/aws transfer family/Res_AWS-Transfer-Family_AWS-FTPS_48.png,aws transfer family,Migration & Transfer,Resource-Icons_02072025/Res_Migration-Modernization/Res_AWS-Transfer-Family_AWS-FTPS_48.svg
fine/aws transfer family/Res_AWS-Transfer-Family_AWS-FTP_48.png,aws transfer family,Migration & Transfer,Resource-Icons_02072025/Res_Migration-Modernization/Res_AWS-Transfer-Family_AWS-FTP_48.svg
fine/aws transit gateway/Arch_AWS-Transit-Gateway_16.png,aws transit gateway,Networking,Architecture-Service-Icons_02072025/Arch_Networking-Content-Delivery/16/Arch_AWS-Transit-Gateway_16.svg
fine/aws transit gateway/Arch_AWS-Transit-Gateway_32.png,aws transit gateway,Networking,Architecture-Service-Icons_02072025/Arch_Networking-Content-Delivery/32/Arch_AWS-Transit-Gateway_32.svg
fine/aws transit gateway/Arch_AWS-Transit-Gateway_64.png,aws transit gateway,Networking,Architecture-Service-Icons_02072025/Arch_Networking-Content-Delivery/64/Arch_AWS-Transit-Gateway_64.svg
fine/aws trusted advisor/Arch_AWS-Trusted-Advisor_16.png,aws trusted advisor,Management & Governance,Architecture-Service-Icons_02072025/Arch_Management-Governance/16/Arch_AWS-Trusted-Advisor_16.svg
fine/aws trusted advisor/Arch_AWS-Trusted-Advisor_32.png,aws trusted advisor,Management & Governance,Architecture-Service-Icons_02072025/Arch_Management-Governance/32/Arch_AWS-Trusted-Advisor_32.svg
fine/aws trusted advisor/Arch_AWS-Trusted-Advisor_48.png,aws trusted advisor,Management & Governance,Architecture-Service-Icons_02072025/Arch_Management-Governance/48/Arch_AWS-Trusted-Advisor_48.svg
fine/aws trusted advisor/Res_AWS-Trusted-Advisor_Checklist-Performance_48.png,aws trusted advisor,Management & Governance,Resource-Icons_02072025/Res_Management-Governance/Res_AWS-Trusted-Advisor_Checklist-Performance_48.svg
fine/aws trusted advisor/Res_AWS-Trusted-Advisor_Checklist-Security_48.png,aws trusted advisor,Management & Governance,Resource-Icons_02072025/Res_Management-Governance/Res_AWS-Trusted-Advisor_Checklist-Security_48.svg
fine/aws trusted advisor/Res_AWS-Trusted-Advisor_Checklist_48.png,aws trusted advisor,Management & Governance,Resource-Icons_02072025/Res_Management-Governance/Res_AWS-Trusted-Advisor_Checklist_48.svg
fine/aws waf/Arch_AWS-WAF_16.png,aws waf,Security & Identity,Architecture-Service-Icons_02072025/Arch_Security-Identity-Compliance/16/Arch_AWS-WAF_16.svg
fine/aws waf/Arch_AWS-WAF_32.png,aws waf,Security & Identity,Architecture-Service-Icons_02072025/Arch_Security-Identity-Compliance/32/Arch_AWS-WAF_32.svg
fine/aws waf/Res_AWS-WAF_Bad-Bot_48.png,aws waf,Security & Identity,Resource-Icons_02072025/Res_Security-Identity-Compliance/Res_AWS-WAF_Bad-Bot_48.svg
fine/aws waf/Res_AWS-WAF_Bot-Control_48.png,aws waf,Security & Identity,Resource-Icons_02072025/Res_Security-Identity-Compliance/Res_AWS-WAF_Bot-Control_48.svg
fine/aws waf/Res_AWS-WAF_Bot_48.png,aws waf,Security & Identity,Resource-Icons_02072025/Res_Security-Identity-Compliance/Res_AWS-WAF_Bot_48.svg
fine/aws waf/Res_AWS-WAF_Filtering-Rule_48.png,aws waf,Security & Identity,Resource-Icons_02072025/Res_Security-Identity-Compliance/Res_AWS-WAF_Filtering-Rule_48.svg
fine/aws waf/Res_AWS-WAF_Labels_48.png,aws waf,Security & Identity,Resource-Icons_02072025/Res_Security-Identity-Compliance/Res_AWS-WAF_Labels_48.svg
fine/aws waf/Res_AWS-WAF_Rule_48.png,aws waf,Security & Identity,Resource-Icons_02072025/Res_Security-Identity-Compliance/Res_AWS-WAF_Rule_48.svg
fine/elastic load balancing/Arch_Elastic-Load-Balancing_48.png,elastic load balancing,Networking,Architecture-Service-Icons_02072025/Arch_Networking-Content-Delivery/48/Arch_Elastic-Load-Balancing_48.svg
fine/elastic load balancing/Arch_Elastic-Load-Balancing_64.png,elastic load balancing,Networking,Architecture-Service-Icons_02072025/Arch_Networking-Content-Delivery/64/Arch_Elastic-Load-Balancing_64.svg
fine/elastic load balancing/Res_Elastic-Load-Balancing_Application-Load-Balancer_48.png,elastic load balancing,Networking,Resource-Icons_02072025/Res_Networking-Content-Delivery/Res_Elastic-Load-Balancing_Application-Load-Balancer_48.svg
fine/elastic load balancing/Res_Elastic-Load-Balancing_Gateway-Load-Balancer_48.png,elastic load balancing,Networking,Resource-Icons_02072025/Res_Networking-Content-Delivery/Res_Elastic-Load-Balancing_Gateway-Load-Balancer_48.svg
fine/elastic load balancing/Res_Elastic-Load-Balancing_Network-Load-Balancer_48.png,elastic load balancing,Networking,Resource-Icons_02072025/Res_Networking-Content-Delivery/Res_Elastic-Load-Balancing_Network-Load-Balancer_48.svg
